$ THE DALLES_OUTFLOW.npt based on $//THE DALLES_OUT/FLOW/ ; Units in metric!,
# From Crosswalk12_6_2017.DSS ; Julian Day 1 is 1899-12-31,
JDAY,FLOW
40544,5180.941
40545,4942.784
40546,4350.712
40547,5480.706
40548,5222.184
40549,4671.736
40550,4254.731
40551,3900.847
40552,3683.384
40553,4225.965
40554,4797.473
40555,4515.873
40556,5005.956
40557,4401.002
40558,5149.26
40559,4949.698
40560,3994.736
40561,5143.624
40562,6698.505
40563,7657.694
40564,6673.707
40565,5940.148
40566,6508.905
40567,7034.544
40568,7137.004
40569,7356.644
40570,6753.431
40571,7301.042
40572,7723.32
40573,6816.319
40574,5945.025
40575,6554.775
40576,6390.36
40577,6317.411
40578,6041.201
40579,6519.505
40580,5275.599
40581,4917.905
40582,4487.68
40583,6272.625
40584,6589.135
40585,6273.833
40586,6615.688
40587,6496.437
40588,5433.255
40589,5745.325
40590,6680.706
40591,6792.827
40592,6696.723
40593,6294.248
40594,6350.24
40595,6236.288
40596,5837.822
40597,5633.532
40598,6388.22
40599,6131.966
40600,5773.411
40601,5276.411
40602,5980.103
40603,6699.933
40604,6365.552
40605,6582.375
40606,6529.906
40607,6444.296
40608,5628.706
40609,5516.518
40610,6193.538
40611,5854.686
40612,6549.716
40613,6277.065
40614,5968.152
40615,6694.811
40616,6185.761
40617,6656.342
40618,5841.201
40619,5659.417
40620,6243.081
40621,6798.875
40622,6770.205
40623,6334.545
40624,5270.17
40625,6137.175
40626,7098.062
40627,6874.339
40628,6593.705
40629,6041.447
40630,7469.18
40631,6359.314
40632,6578.396
40633,6825.659
40634,7065.112
40635,8321.144
40636,9134.134
40637,9560.229
40638,10092.73
40639,10952.85
40640,9795.339
40641,8933.17
40642,8436.898
40643,9305.505
40644,9405.531
40645,8528.592
40646,8547.971
40647,8224.224
40648,8100.305
40649,8275.976
40650,6681.929
40651,7521.987
40652,7956.53
40653,7588.803
40654,8086.581
40655,7704.502
40656,8464.754
40657,7743.938
40658,7387.531
40659,7776.082
40660,7210.377
40661,7897.19
40662,7788.307
40663,6996.115
40664,6509.539
40665,7797.153
40666,7343.056
40667,7680.914
40668,7637.056
40669,7255.378
40670,7630.65
40671,7077.738
40672,7156.288
40673,7995.141
40674,8956.431
40675,7633.782
40676,8409.934
40677,9976.586
40678,10224.85
40679,11195.79
40680,12388.57
40681,13045.73
40682,13308.98
40683,13086.36
40684,13505.25
40685,13143.05
40686,13697.25
40687,13773.56
40688,14644.74
40689,14190.46
40690,13945.58
40691,14182.36
40692,14321.71
40693,14272.95
40694,14406.11
40695,14232.54
40696,13837.5
40697,14212.32
40698,14262.88
40699,14745.78
40700,14900.77
40701,14698.76
40702,14725.02
40703,14652.91
40704,14863.12
40705,14744.33
40706,14374.07
40707,14404.4
40708,14332.88
40709,13888.9
40710,14115.63
40711,14550.54
40712,14594.33
40713,13836.61
40714,13652.1
40715,12918.25
40716,13135.4
40717,13207.06
40718,13109.88
40719,14068.17
40720,13722.81
40721,13080.22
40722,11834.61
40723,11917.25
40724,11693.27
40725,11864.28
40726,12239.09
40727,12932.37
40728,11892.87
40729,12468.22
40730,11055.88
40731,10876.13
40732,11666.05
40733,11800.46
40734,11747.04
40735,11257.93
40736,10299.22
40737,9387.719
40738,9176.677
40739,9541.111
40740,10123.77
40741,8814.051
40742,8150.524
40743,8784.434
40744,8753.238
40745,9123.636
40746,7960.782
40747,7975.349
40748,7866.218
40749,7580.554
40750,7688.655
40751,7529.56
40752,7248.22
40753,7506.541
40754,6488.697
40755,6344.944
40756,6919.965
40757,6847.587
40758,5869.412
40759,6034.113
40760,5892.286
40761,5861.947
40762,5393.959
40763,5571.175
40764,6108.245
40765,5593.734
40766,5796.26
40767,5981.457
40768,6250.331
40769,5130.514
40770,4664.723
40771,6048.831
40772,5644.729
40773,6046.916
40774,6122.035
40775,6149.156
40776,5437.657
40777,4846.624
40778,4755.719
40779,5294.042
40780,5880.639
40781,5846.75
40782,5557.643
40783,5157.751
40784,4521.458
40785,4674.27
40786,4362.623
40787,5036.835
40788,4353.037
40789,3942.839
40790,3247.051
40791,2937.516
40792,3336.419
40793,3623.942
40794,3908.103
40795,3501.331
40796,3783.73
40797,3523.985
40798,3477.864
40799,3742.852
40800,3188.476
40801,2957.547
40802,3251.547
40803,3446.575
40804,3474.878
40805,3071.712
40806,3036.294
40807,3991.196
40808,3702.23
40809,3050.984
40810,3129.233
40811,2717.795
40812,3007.526
40813,3451.61
40814,3557.86
40815,3612.686
40816,3394.983
40817,3253.458
40818,2530.676
40819,2655.155
40820,3068.614
40821,3162.442
40822,3628.201
40823,3822.426
40824,3217.633
40825,3044.277
40826,3235.244
40827,3963.35
40828,3432.717
40829,3253.176
40830,3498.794
40831,4244.118
40832,3935.75
40833,4065.832
40834,3917.125
40835,3790.59
40836,3076.677
40837,3604.764
40838,3705.414
40839,3564.658
40840,2845.473
40841,3549.886
40842,3605.607
40843,3051.472
40844,4005.974
40845,4437.192
40846,3753.387
40847,3010.999
40848,3290.044
40849,4262.407
40850,3809.675
40851,3862.621
40852,3673.938
40853,3524.588
40854,3673.279
40855,3581.089
40856,4247.662
40857,3455.758
40858,3577.314
40859,3930.329
40860,3540.579
40861,3377.451
40862,3939.339
40863,3572.36
40864,4169.639
40865,4371.809
40866,3802.962
40867,3799.768
40868,4176.287
40869,4180.921
40870,4137.83
40871,3788.815
40872,3817.138
40873,3792.823
40874,4128.384
40875,3274.991
40876,3592.909
40877,4063.995
40878,4429.114
40879,3924.739
40880,3821.46
40881,3852.204
40882,3692.442
40883,3781.446
40884,4251.38
40885,4477.804
40886,4343.321
40887,4329.119
40888,4697.534
40889,4315.876
40890,4140.564
40891,4015.588
40892,4720.662
40893,4486.669
40894,3711.897
40895,3825.384
40896,3164.548
40897,3627.907
40898,4076.358
40899,3592.04
40900,3689.662
40901,3701.534
40902,3504.192
40903,3335.548
40904,4255.567
40905,4538.787
40906,3889.058
40907,3608.402
40908,3825.771
40909,3993.898
40910,4408.716
40911,3251.702
40912,3907.33
40913,4662.194
40914,3963.793
40915,4519.64
40916,3562.075
40917,3345.852
40918,3970.327
40919,3857.37
40920,4519.033
40921,3666.946
40922,4369.262
40923,3765.26
40924,4226.17
40925,4780.213
40926,4652.542
40927,5054.045
40928,5135.438
40929,5193.349
40930,4524.242
40931,3984.529
40932,4670.806
40933,4631.686
40934,4046.832
40935,4020.411
40936,4908.629
40937,4550.56
40938,4254.736
40939,3497.523
40940,3789.785
40941,3638.315
40942,3871.54
40943,3639.919
40944,3777.913
40945,3987.234
40946,4080.274
40947,4118.815
40948,3667.071
40949,3597.933
40950,4036.246
40951,3966.984
40952,3917.894
40953,3933.597
40954,3888.071
40955,4266.881
40956,4478.563
40957,4013.518
40958,3880.157
40959,3665.682
40960,4237.277
40961,4086.98
40962,3683.497
40963,5079.55
40964,5180.949
40965,4060.833
40966,4338.842
40967,4913.012
40968,4926.883
40969,3357.452
40970,3418.058
40971,3916.139
40972,3759.568
40973,4116.862
40974,3941.917
40975,4016.644
40976,4441.246
40977,4710.727
40978,4286.423
40979,3872.804
40980,4237.732
40981,5098.607
40982,5013.163
40983,5450.233
40984,5005.105
40985,5666.132
40986,5761.685
40987,6289.431
40988,5798.685
40989,4965.162
40990,6184.385
40991,6104.462
40992,6870.546
40993,7300.521
40994,7543.758
40995,7338.786
40996,7181.162
40997,7774.644
40998,8254.888
40999,8907.844
41000,8183.221
41001,8873.167
41002,8954.029
41003,9401.203
41004,8869.739
41005,7630.18
41006,8155.296
41007,8612.299
41008,8746.793
41009,8270.942
41010,7938.617
41011,8624.794
41012,8708.675
41013,8425.649
41014,8682.228
41015,8644.97
41016,8386.666
41017,8701.675
41018,8918.502
41019,9303.82
41020,9243.656
41021,8799.773
41022,9233.012
41023,9998.816
41024,10259.1
41025,11678.83
41026,12279.7
41027,12230.08
41028,12140.82
41029,11124.8
41030,10293.84
41031,11046.24
41032,11323.32
41033,11293.04
41034,11293.51
41035,11241.05
41036,10740.24
41037,10194.55
41038,9289.799
41039,9085.065
41040,9838.676
41041,10310
41042,9606.062
41043,9439.289
41044,8443.942
41045,9438.72
41046,9724.388
41047,10008.76
41048,10900.27
41049,11029.19
41050,9983.493
41051,10119.74
41052,10224.37
41053,10119.96
41054,11087.66
41055,10275.74
41056,9814.834
41057,9254.269
41058,9298.505
41059,8184.216
41060,8934.42
41061,7845.176
41062,7850.789
41063,7885.837
41064,8466.472
41065,8831.655
41066,8498.724
41067,9831.583
41068,10532.44
41069,10231.14
41070,9871.705
41071,10373.58
41072,9826.965
41073,10258.98
41074,9752.936
41075,9774.466
41076,10341.41
41077,8830.127
41078,9165.554
41079,9374.109
41080,10483.88
41081,10911.34
41082,10239.55
41083,9851.746
41084,10487.63
41085,10655.44
41086,12592.73
41087,11315.96
41088,12006.49
41089,11502.51
41090,11123.36
41091,11113.59
41092,11604.81
41093,11065.83
41094,10707.07
41095,10053.32
41096,10679.03
41097,10739.54
41098,8930.53
41099,9285.647
41100,9710.377
41101,9370.08
41102,9737.021
41103,9640.052
41104,10120.6
41105,10189.44
41106,9612.455
41107,10845.85
41108,10122.77
41109,8829.277
41110,8620.713
41111,8886.928
41112,9724.843
41113,9579.421
41114,9822.04
41115,9132.333
41116,8632.519
41117,8623.758
41118,8468.695
41119,7778.161
41120,7755.852
41121,7318.26
41122,7795.707
41123,7248.909
41124,7063.576
41125,6653.488
41126,6503.209
41127,6133.381
41128,6212.899
41129,5937.991
41130,5968.523
41131,6392.695
41132,5713.701
41133,6121.13
41134,6494.023
41135,6623.487
41136,5611.618
41137,5525.882
41138,5129.625
41139,5466.725
41140,5180.735
41141,4864.193
41142,5691.297
41143,4911.262
41144,5702.85
41145,4935.183
41146,5673.593
41147,5147.368
41148,4101.456
41149,5113.58
41150,4173.374
41151,4592.325
41152,4086.31
41153,4486.975
41154,4516.677
41155,3315.065
41156,3108.592
41157,3905.409
41158,3859.125
41159,3886.797
41160,3249.266
41161,3503.99
41162,2575.802
41163,3281.767
41164,3723.307
41165,4206.795
41166,3119.335
41167,3405.218
41168,3535.985
41169,3172.726
41170,3205.759
41171,3869.247
41172,3732.763
41173,3152.601
41174,3506.131
41175,2950.149
41176,2911.189
41177,2749.202
41178,3239.366
41179,3078.1
41180,2865.243
41181,3504.897
41182,2966.897
41183,2494.615
41184,1840.406
41185,2439.085
41186,3458.111
41187,3049.667
41188,2572.053
41189,2564.917
41190,2340.575
41191,2461.082
41192,3262.449
41193,2978.701
41194,2803.277
41195,2369.085
41196,2462.068
41197,2280.681
41198,2627.712
41199,2343.471
41200,2380.551
41201,2442.273
41202,2396.765
41203,2700.36
41204,2965.097
41205,3460.19
41206,3254.993
41207,2910.705
41208,3601.587
41209,4012.938
41210,3618.116
41211,3082.693
41212,3298.829
41213,3573.49
41214,3540.572
41215,3531.275
41216,3778.263
41217,3400.827
41218,3258.981
41219,3395.651
41220,3463.146
41221,3116.191
41222,3593.913
41223,3476.462
41224,3676.217
41225,4002.071
41226,4025.885
41227,3859.936
41228,3736.321
41229,3984.267
41230,4177.55
41231,4055.614
41232,4281.64
41233,3645.739
41234,2426.798
41235,4091.491
41236,3665.923
41237,3632.237
41238,3186.452
41239,3097.289
41240,3684.926
41241,4517.845
41242,4055.615
41243,4246.006
41244,4535.604
41245,4485.295
41246,4686.348
41247,4608.368
41248,5096.72
41249,4782.669
41250,5348.01
41251,5293.293
41252,5545.978
41253,5366.008
41254,5005.452
41255,5152.921
41256,5715.885
41257,5971.198
41258,5726.94
41259,5834.602
41260,5015.159
41261,5152.826
41262,6107.17
41263,5371.053
41264,4709.882
41265,4678.804
41266,4967.883
41267,4851.789
41268,4364.955
41269,4036.008
41270,4472.728
41271,4391.426
41272,4837.964
41273,5248.045
41274,5823.269
41275,5656.991
41276,5528.847
41277,5955.369
41278,5601.01
41279,4943.17
41280,5255.433
41281,4997.244
41282,4581.085
41283,5144.489
41284,6077.704
41285,5474.309
41286,5112.158
41287,5436.176
41288,5524.641
41289,5068.472
41290,5456.806
41291,6219.719
41292,5998.381
41293,5055.083
41294,5490.838
41295,5088.233
41296,5280.746
41297,5730.319
41298,5543.494
41299,4999.883
41300,5591.892
41301,4492.559
41302,4455.126
41303,4361.251
41304,3810.255
41305,4135.433
41306,4834.963
41307,4129.909
41308,3864.011
41309,4077.511
41310,4365.618
41311,3966.194
41312,4189.377
41313,4200.223
41314,4118.881
41315,4188.621
41316,3782.696
41317,3967.952
41318,4424.37
41319,3895.177
41320,4169.057
41321,4552.379
41322,4038.499
41323,4120.283
41324,4164.792
41325,3967.396
41326,4224.562
41327,4146.701
41328,3975.12
41329,3837.245
41330,4024.158
41331,3696.921
41332,4006.072
41333,3300.084
41334,3970.322
41335,3141.831
41336,3568.721
41337,3252.507
41338,3144.373
41339,3141.425
41340,3336.257
41341,3248.085
41342,3294.247
41343,3673.691
41344,3470.279
41345,4185.995
41346,3662.362
41347,3064.475
41348,3224.673
41349,3311.232
41350,3279.544
41351,3670.999
41352,4084.248
41353,4104.165
41354,2920.806
41355,4065.688
41356,3892.565
41357,3815.634
41358,3706.795
41359,4160.534
41360,3966.811
41361,4157.485
41362,3934.583
41363,3454.083
41364,4622.484
41365,5010.377
41366,4800.455
41367,4500.696
41368,5288.285
41369,5433.474
41370,6220.894
41371,6430.259
41372,6925.499
41373,7021.627
41374,7971.074
41375,7112.546
41376,8009.086
41377,8115.826
41378,6982.877
41379,7365.453
41380,7794.791
41381,8161.055
41382,7225.172
41383,6986.646
41384,5930.556
41385,6729.315
41386,6596.072
41387,7251.44
41388,6260.281
41389,6129.239
41390,6119.509
41391,6037.262
41392,6421.749
41393,6483.567
41394,6333.644
41395,6240.772
41396,6796.842
41397,6437.737
41398,6870.736
41399,6391.146
41400,6238.075
41401,6648.071
41402,6841.622
41403,7665.965
41404,7980.756
41405,9343.899
41406,10358.49
41407,10067.29
41408,9638.759
41409,9587.659
41410,9682.703
41411,9966.449
41412,8696.438
41413,9405.984
41414,9342.761
41415,8805.296
41416,8207.173
41417,8293.513
41418,9207.848
41419,8614.564
41420,8234.315
41421,8374.412
41422,8533.387
41423,8173.536
41424,7723.246
41425,7195.326
41426,7577.698
41427,7274.466
41428,5841.056
41429,7586.67
41430,6904.164
41431,7134.397
41432,7589.631
41433,6559.096
41434,7003.717
41435,6997.713
41436,7434.471
41437,6213.637
41438,7124.196
41439,7196.997
41440,7028.442
41441,6730.677
41442,6093.761
41443,6048.766
41444,6195.492
41445,6376.356
41446,6680.581
41447,6768.534
41448,8483.153
41449,7685.462
41450,7350.726
41451,7459.011
41452,7703.681
41453,7489.873
41454,7500.531
41455,8573.279
41456,7875.125
41457,8350.634
41458,8093.432
41459,7889.219
41460,7969.696
41461,7627.678
41462,8042.678
41463,7348.671
41464,7546.718
41465,6421.61
41466,6204.146
41467,5959.819
41468,5859.271
41469,6074.688
41470,6170.43
41471,6177.296
41472,5845.595
41473,5614.169
41474,5456.458
41475,5564.478
41476,5558.109
41477,5251.467
41478,5929.36
41479,4969.708
41480,4457.316
41481,4848.457
41482,5596.054
41483,4734.394
41484,4398.102
41485,4872.228
41486,5044.525
41487,5448.245
41488,5277.964
41489,4952.627
41490,4995.504
41491,5120.637
41492,4533.813
41493,5005.361
41494,4876.596
41495,4680.479
41496,4727.458
41497,4354.881
41498,3488.596
41499,4386.841
41500,4913.018
41501,5079.176
41502,4233.081
41503,4811.289
41504,4319.13
41505,3961.532
41506,4293.535
41507,4372.857
41508,4213.848
41509,4296.978
41510,3827.335
41511,3639.311
41512,3065.394
41513,3625.831
41514,3296.341
41515,3485.261
41516,3618.976
41517,3757.081
41518,3697.957
41519,2998.54
41520,2671.217
41521,2847.159
41522,2806.66
41523,2505.917
41524,2549.665
41525,2860.021
41526,2445.524
41527,2412.216
41528,3348.797
41529,3997.943
41530,3276.052
41531,3525.574
41532,3097.072
41533,2276.881
41534,2683.754
41535,3644.281
41536,2797.563
41537,3193.956
41538,3178.213
41539,2711.606
41540,2492.133
41541,2915.392
41542,2601.692
41543,2969.396
41544,2880.974
41545,2926.13
41546,2901.797
41547,2918.918
41548,2971.224
41549,3521.982
41550,3994.44
41551,3195.88
41552,3238.934
41553,2408.218
41554,2578.174
41555,2349.12
41556,2961.65
41557,2930.704
41558,2953.713
41559,3476.038
41560,3443.336
41561,3358.577
41562,3359.972
41563,3103.847
41564,3208.721
41565,3727.601
41566,3916.372
41567,3197.483
41568,2839.514
41569,3594.099
41570,3410.446
41571,3714.664
41572,3211.649
41573,3223.892
41574,2858.808
41575,2552.479
41576,3159.721
41577,3009.473
41578,2704.93
41579,3000.776
41580,2877.9
41581,2636.11
41582,2608.055
41583,3677.667
41584,3189.185
41585,3662.052
41586,3118.482
41587,3397.356
41588,3602.314
41589,3599.498
41590,3218.853
41591,3088.201
41592,3113.55
41593,3192.612
41594,3253.873
41595,3091.948
41596,2729.844
41597,3023.405
41598,2834.91
41599,3197.792
41600,3577.508
41601,4103.231
41602,3647.101
41603,3347.004
41604,3827.339
41605,3537.771
41606,3842.596
41607,3559.112
41608,3624.087
41609,3277.414
41610,2962.077
41611,2909.116
41612,4002.466
41613,3871.151
41614,3819.147
41615,4424.196
41616,4265.72
41617,3882.876
41618,4113.006
41619,4120.966
41620,4350.165
41621,3513.968
41622,3635.849
41623,3524.266
41624,3321.138
41625,3372.064
41626,3329.34
41627,3505.804
41628,3345.341
41629,3456.156
41630,3493.172
41631,3175.622
41632,3283.976
41633,3368.33
41634,3075.357
41635,3167.392
41636,2959.295
41637,3423.328
41638,3341.808
41639,3390.813
41640,3546.204
41641,3183.282
41642,2820.475
41643,2334.546
41644,2573.368
41645,3322.588
41646,4255.766
41647,4561.535
41648,4405.834
41649,4307.829
41650,4490.239
41651,3092.828
41652,4057.205
41653,3081.791
41654,3277.198
41655,3435.561
41656,3636.537
41657,3415.802
41658,3134.86
41659,3180.349
41660,4046.772
41661,4211.801
41662,4140.425
41663,3725.159
41664,4065.787
41665,3842.107
41666,4266.105
41667,3603.03
41668,3886.554
41669,3187.551
41670,3339.506
41671,3482.241
41672,3443.928
41673,3179.63
41674,3294.299
41675,3314.316
41676,3351.742
41677,3806.873
41678,3915.265
41679,3742.734
41680,3679.479
41681,3722.03
41682,3309.717
41683,2877.036
41684,2385.228
41685,3178.343
41686,4095.976
41687,3355.601
41688,3629.077
41689,4147.906
41690,3561.812
41691,3450.766
41692,3309.095
41693,3893.77
41694,3839.215
41695,3741.554
41696,3777.692
41697,3441.793
41698,3579.794
41699,3374.095
41700,3948.395
41701,4146.657
41702,4723.708
41703,4904.234
41704,4984.951
41705,5554.629
41706,6048.961
41707,6857.333
41708,6822.551
41709,7306.254
41710,7710.036
41711,7993.063
41712,7755.807
41713,6799.826
41714,6846.664
41715,6650.271
41716,6727.095
41717,6779.625
41718,6889.473
41719,7451.355
41720,6992.299
41721,7130.41
41722,6732.134
41723,6287.727
41724,5792.731
41725,6568.869
41726,5916.245
41727,5811.355
41728,6499.794
41729,6637.863
41730,7338.541
41731,6710.84
41732,6302.687
41733,6488.023
41734,6369.362
41735,7044.689
41736,6370.664
41737,6459.802
41738,6242.451
41739,6476.813
41740,7223.766
41741,6858.734
41742,6683.276
41743,6750.844
41744,6533.443
41745,6263.923
41746,7251.475
41747,7026.698
41748,6673.625
41749,7485.547
41750,7720.944
41751,7420.579
41752,7075.363
41753,7908.265
41754,7059.925
41755,7519.913
41756,7447.845
41757,7822.532
41758,7574.863
41759,8036.317
41760,7329.651
41761,7795.885
41762,7418.269
41763,7663.277
41764,8300.695
41765,8536.368
41766,9331.236
41767,8677.553
41768,8600.938
41769,8091.36
41770,7034.024
41771,8130.469
41772,8264.401
41773,8234.881
41774,7340.719
41775,7435.68
41776,7791.541
41777,8957.294
41778,9529.727
41779,9722.197
41780,10322.95
41781,9740.685
41782,9287.42
41783,9714.653
41784,10440.96
41785,10381.38
41786,10353.25
41787,10763.88
41788,10760.88
41789,10440.39
41790,10275.31
41791,9424.11
41792,9357.694
41793,10190.97
41794,9841.542
41795,9989.682
41796,9997.165
41797,10163.74
41798,9015.269
41799,8436.97
41800,8373.975
41801,8674.087
41802,7988.504
41803,7236.173
41804,6647.929
41805,7227.848
41806,6284.249
41807,6128.211
41808,6213.562
41809,7559.869
41810,7372.422
41811,7006.104
41812,7396.264
41813,8408.192
41814,7918.82
41815,7879.748
41816,7952.388
41817,7499.764
41818,7535.424
41819,7402.846
41820,7922.51
41821,9201.118
41822,8555.213
41823,8186.05
41824,7610.696
41825,7609.114
41826,7661.688
41827,6448.651
41828,7338.396
41829,7034.313
41830,6584.812
41831,6548.975
41832,6316.031
41833,7311.496
41834,5698.825
41835,5995.714
41836,5588.277
41837,5836.466
41838,5616.437
41839,5904.481
41840,5447.063
41841,5511.215
41842,5838.831
41843,5453.031
41844,5292.999
41845,5534.996
41846,6573.302
41847,5845.85
41848,5671.069
41849,6083.162
41850,5256.096
41851,5410.506
41852,5400.792
41853,4726.859
41854,4461.821
41855,4157.252
41856,4765.479
41857,4158.452
41858,4358.317
41859,4461.037
41860,4583.661
41861,4667.127
41862,4447.4
41863,4799.333
41864,4341.126
41865,4617.024
41866,4669.423
41867,4051.086
41868,3950.882
41869,3650.296
41870,3766.065
41871,3996.571
41872,3793.979
41873,3883.013
41874,4136.673
41875,4122.271
41876,3834.793
41877,3828.846
41878,3548.053
41879,3923.074
41880,3847.967
41881,4009.199
41882,3543.741
41883,3884.296
41884,2973.935
41885,2913.633
41886,3001.712
41887,3325.356
41888,3010.717
41889,3131.736
41890,2339.124
41891,2132.948
41892,2086.138
41893,2383.146
41894,2406.024
41895,2771.563
41896,2994.864
41897,2561.981
41898,2664.14
41899,2600.911
41900,2829.049
41901,2554.862
41902,2757.802
41903,2415.203
41904,2571.776
41905,2536.983
41906,3197.805
41907,3266.191
41908,3306.715
41909,2801.765
41910,2729.411
41911,2378.975
41912,2186.649
41913,2299.399
41914,2245.031
41915,2831.757
41916,2966.083
41917,2271.984
41918,2332.179
41919,2799.206
41920,2930.483
41921,3245.03
41922,3233.917
41923,2784.563
41924,2568.193
41925,2587.239
41926,2685.597
41927,2881.767
41928,2413.177
41929,2902.602
41930,2993.649
41931,2558.53
41932,2384.435
41933,2294.611
41934,2713.052
41935,2529.597
41936,2688.26
41937,2838.208
41938,2578.634
41939,2442.463
41940,2480.511
41941,3172.825
41942,2935.928
41943,3026.52
41944,3423.991
41945,2874.342
41946,3113.55
41947,3082.899
41948,2787.145
41949,3037.589
41950,2899.281
41951,3609.072
41952,3353.77
41953,3129.6
41954,3708.668
41955,3773.616
41956,4129.891
41957,4292.222
41958,4004.268
41959,4120.163
41960,4635.921
41961,4966.206
41962,4292.334
41963,4010.79
41964,4038.75
41965,3856.939
41966,3635.669
41967,3427.185
41968,3364.421
41969,3366.982
41970,3416.334
41971,3419.938
41972,3039.137
41973,4066.473
41974,4197.805
41975,4651.23
41976,5227.085
41977,5130.134
41978,4665.006
41979,4597.199
41980,3917.547
41981,3837.735
41982,3456.842
41983,4005.191
41984,4743.049
41985,4199.889
41986,4102.902
41987,4227.754
41988,4464.95
41989,4279.573
41990,4360.224
41991,4202.528
41992,4868.888
41993,5029.934
41994,5427.601
41995,5138.632
41996,5064.613
41997,4133.839
41998,4144.12
41999,4143.827
42000,4586.813
42001,4655.449
42002,4638.96
42003,5092.381
42004,5250.173
42005,5578.003
42006,5571.391
42007,5216.458
42008,5317.294
42009,5792.774
42010,5049.539
42011,4472.292
42012,5248.532
42013,5175.316
42014,5246.197
42015,5070.656
42016,5093.717
42017,5229.215
42018,5570.158
42019,5459.395
42020,5371.494
42021,4831.353
42022,5470.2
42023,4939.685
42024,5127.225
42025,5148.326
42026,5940.545
42027,5840.849
42028,5581.084
42029,5013.089
42030,4962.115
42031,5056.88
42032,5453.148
42033,5677.436
42034,5541.521
42035,5816.994
42036,5806.89
42037,5803.39
42038,6272.82
42039,5618.793
42040,6053.084
42041,6396.207
42042,6162.886
42043,6521.675
42044,6968.002
42045,6032.228
42046,6821.709
42047,6808.777
42048,7491.827
42049,6683.555
42050,6275.489
42051,6730.076
42052,6679.811
42053,6514.626
42054,7007.917
42055,6587.288
42056,6864.346
42057,6527.547
42058,6591.866
42059,6217.393
42060,6302.154
42061,5711.431
42062,5381.79
42063,5882.963
42064,5764.924
42065,5451.499
42066,5539.461
42067,4910.31
42068,4894.265
42069,5603.861
42070,6249.427
42071,5827.125
42072,5233.887
42073,5106.602
42074,5013.945
42075,4991.144
42076,4861.186
42077,4721.015
42078,4052.181
42079,4042.625
42080,5486.303
42081,5408.785
42082,5106.881
42083,5819.498
42084,5266.289
42085,5308.014
42086,6149.955
42087,5829.816
42088,5632.618
42089,6052.564
42090,5505.667
42091,6092.852
42092,5555.733
42093,6501.592
42094,6610.977
42095,6570.199
42096,6535.621
42097,5712.71
42098,5955.089
42099,6581.145
42100,6598.866
42101,6408.327
42102,6421.305
42103,5674.173
42104,5368.262
42105,5066.168
42106,4674.685
42107,5108.622
42108,5455.334
42109,4960.597
42110,4194.691
42111,4915.056
42112,4001.261
42113,3971.989
42114,4410.139
42115,4716.52
42116,4666.1
42117,4476.728
42118,4739.336
42119,4546.387
42120,4417.218
42121,4696.908
42122,5586.514
42123,4990.221
42124,4680.918
42125,3790.656
42126,4779.329
42127,5363.894
42128,5258.993
42129,5170.914
42130,4940.529
42131,5061.612
42132,5358.257
42133,5297.93
42134,5052.674
42135,4468.299
42136,4115.557
42137,4808.566
42138,5401.943
42139,5385.386
42140,5801.973
42141,5538.655
42142,4970.925
42143,5787.338
42144,6004.523
42145,5982.669
42146,6034.743
42147,5865.58
42148,6089.85
42149,6463.604
42150,6089.311
42151,6326.794
42152,6142.782
42153,6322.221
42154,5867.18
42155,5452.885
42156,5752.238
42157,5632.017
42158,5921.507
42159,5533.607
42160,5476.793
42161,5388.819
42162,5131.592
42163,4802.053
42164,5181.872
42165,5616.872
42166,4857.811
42167,5726.564
42168,6063.892
42169,7011.46
42170,7292.939
42171,7749.635
42172,7011.585
42173,5484.94
42174,4049.745
42175,3719.084
42176,3224.945
42177,3647.24
42178,3415.181
42179,3629.127
42180,3961.98
42181,4080.819
42182,4373.94
42183,4358.011
42184,4199.613
42185,4772.974
42186,4766.661
42187,4343.648
42188,4612.543
42189,4350.833
42190,4254.804
42191,4011.342
42192,4205.197
42193,4577.453
42194,4034.228
42195,4349.368
42196,3204.1
42197,3029.515
42198,3636.054
42199,4013.25
42200,4433.704
42201,4049.519
42202,3804.784
42203,3941.206
42204,4147.978
42205,3809.793
42206,4093.652
42207,4395.928
42208,4066.467
42209,3372.984
42210,3846.605
42211,3759.573
42212,3556.161
42213,3729.442
42214,3906.038
42215,4084.848
42216,4439.566
42217,4338.145
42218,4092.368
42219,3474.024
42220,3591.01
42221,3874.036
42222,3649.33
42223,3802.583
42224,4563.734
42225,4254.355
42226,3739.915
42227,4100.475
42228,3892.793
42229,3861.224
42230,3668.066
42231,3513.606
42232,3831.499
42233,4184.571
42234,4260.471
42235,3860.995
42236,4433.103
42237,3794.72
42238,3922.759
42239,4238.447
42240,4229.169
42241,4364.821
42242,4224.19
42243,4012.654
42244,3951.024
42245,3883.972
42246,2915.571
42247,2827.836
42248,3421.502
42249,2671.286
42250,2712.859
42251,3336.404
42252,3305.833
42253,2465.372
42254,2075.654
42255,2253.8
42256,2722.302
42257,2849.531
42258,3062.944
42259,2937.491
42260,2843.535
42261,2396.614
42262,2494.698
42263,3227.744
42264,3229.565
42265,2695.126
42266,2883.271
42267,2645.036
42268,2272.042
42269,2423.149
42270,2751.792
42271,3057.42
42272,3660.471
42273,3178.696
42274,2904.679
42275,2435.35
42276,2784.087
42277,3541.743
42278,3311.21
42279,3095.604
42280,2405.602
42281,2502.414
42282,2575.527
42283,3095.035
42284,3726.669
42285,3672.733
42286,3251.802
42287,2978.676
42288,2707.844
42289,2564.99
42290,2142.139
42291,2143.63
42292,2654.841
42293,3207.155
42294,3340.422
42295,2902.084
42296,2276.668
42297,2703.682
42298,2651.908
42299,2875.412
42300,2882.562
42301,3151.845
42302,3302.243
42303,3150.787
42304,3018.006
42305,3270.365
42306,3233.057
42307,2636.658
42308,2462.254
42309,2748.012
42310,2840.263
42311,3004.086
42312,3277.823
42313,3057.437
42314,2818.997
42315,3320.142
42316,3537.644
42317,3314.263
42318,3497.107
42319,3520.388
42320,3185.638
42321,3645.649
42322,3314.108
42323,3254.466
42324,2859.432
42325,3886.777
42326,3626.448
42327,4049.028
42328,3930.807
42329,3783.93
42330,4253.487
42331,3703.191
42332,3744.902
42333,4142.854
42334,4036.392
42335,3339.376
42336,3634.974
42337,4164.295
42338,3797.97
42339,4692.889
42340,3703.817
42341,4000.627
42342,3617.907
42343,3301.122
42344,3312.005
42345,3224.03
42346,3618.23
42347,3856.674
42348,3499.869
42349,4315.706
42350,4773.155
42351,4595.316
42352,3378.83
42353,3722.493
42354,3600.014
42355,3939.443
42356,3841.874
42357,3971.977
42358,4142.058
42359,3393.412
42360,3998.757
42361,3653.717
42362,3467.509
42363,3114.625
42364,2729.323
42365,3482.502
42366,3632.431
42367,3692.105
42368,4208.716
42369,3748.341
42370,3862.594
