$inflows,
JDAY 1.0= 1/1/2000 12am,
JDAY,QIN
1,68.01
2,67.78
3,63.75
4,60.42
5,57.99
6,57.46
7,54.93
8,52.01
9,50.88
10,49.85
11,49.02
12,46.99
13,48.76
14,49.03
15,46.1
16,44.47
17,42.24
18,40.81
19,39.78
20,38.55
21,37.82
22,37.29
23,37.17
24,38.34
25,35.41
26,34.08
27,36.25
28,34.32
29,32.59
30,32.96
31,32.33
32,32
33,34.77
34,35.24
35,30.81
36,35.28
37,34.55
38,32.22
39,30.5
40,31.37
41,30.34
42,29.71
43,28.88
44,28.45
45,27.82
46,26.99
47,26.58
48,29.88
49,29.87
50,26.46
51,25.75
52,25.35
53,26.74
54,25.83
55,25.02
56,25.82
57,28.21
58,33.5
59,29.8
60,25.79
61,25.48
62,26.17
63,28.27
64,32.66
65,33.95
66,35.15
67,32.24
68,32.93
69,33.62
70,28.02
71,25.81
72,24.7
73,23.99
74,24.49
75,30.28
76,24.18
77,24.58
78,25.38
79,23.48
80,22.98
81,22.07
82,21.37
83,20.97
84,20.77
85,21.77
86,22.17
87,21.47
88,19.97
89,19.57
90,19.67
91,19.16
92,18.96
93,19.66
94,18.86
95,29.76
96,23.36
97,19.56
98,20.06
99,20.36
100,19.46
101,18.95
102,18.85
103,20.35
104,20.25
105,20.85
106,29.35
107,34.19
108,30.72
109,28.76
110,26.29
111,22.63
112,32.17
113,46.6
114,37.04
115,30.37
116,35.61
117,28.95
118,26.28
119,24.22
120,27.75
121,34.59
122,48.83
123,47.46
124,60.5
125,56.83
126,49.87
127,57.51
128,65.84
129,68.88
130,65.91
131,60.65
132,57.49
133,56.72
134,40.56
135,71.09
136,102.93
137,85.92
138,78.5
139,75.09
140,76.07
141,93.16
142,83.64
143,86.93
144,74.52
145,103.7
146,109.79
147,109.87
148,105.96
149,108.05
150,134.13
151,149.22
152,151.3
153,136.39
154,118.47
155,117.56
156,104.65
157,106.73
158,123.82
159,107.9
160,103.99
161,97.88
162,91.96
163,83.15
164,82.23
165,85.72
166,82.7
167,77.39
168,76.32
169,111.45
170,119.38
171,115.31
172,97.94
173,107.17
174,167.1
175,181.03
176,127.96
177,114.89
178,107.82
179,97.95
180,84.18
181,76.11
182,72.34
183,76.87
184,65.9
185,65.33
186,67.06
187,63.79
188,71.02
189,107.05
190,102.38
191,74.91
192,68.54
193,61.97
194,70.3
195,64.03
196,62.06
197,60.79
198,64.69
199,58.99
200,65.3
201,59.4
202,56.8
203,61.8
204,66.81
205,62.91
206,60.41
207,67.21
208,78.51
209,77.52
210,96.22
211,119.52
212,96.92
213,97.83
214,93.23
215,84.23
216,95.13
217,101.24
218,88.24
219,85.44
220,84.64
221,95.74
222,89.75
223,82.95
224,76.95
225,72.85
226,75.16
227,74.66
228,71.66
229,66.57
230,64.78
231,63.69
232,61.1
233,59.41
234,59.82
235,57.93
236,56.24
237,65.95
238,61.86
239,60.87
240,74.38
241,77.39
242,73.7
243,82.81
244,78.82
245,91.93
246,115.54
247,113.65
248,119.76
249,122.87
250,109.98
251,112.09
252,125.2
253,162.31
254,198.42
255,175.53
256,228.64
257,201.75
258,161.86
259,248.97
260,241.93
261,221.89
262,193.85
263,178.81
264,167.77
265,163.73
266,145.69
267,133.65
268,155.61
269,174.57
270,160.53
271,158.49
272,160.45
273,151.41
274,143.38
275,161.34
276,157.3
277,134.86
278,164.02
279,129.48
280,112.44
281,97
282,115.06
283,85.42
284,82.08
285,78.24
286,101.5
287,96.86
288,184.82
289,154.78
290,110.84
291,104.29
292,104.45
293,104.61
294,109.06
295,116.12
296,107.18
297,107.23
298,102.09
299,106.34
300,114.4
301,107.46
302,106.51
303,108.57
304,176.63
305,170.68
306,190.74
307,183.8
308,170.85
309,186.91
310,234.97
311,219.02
312,185.08
313,167.13
314,150.19
315,139.25
316,168.3
317,150.36
318,149.42
319,148.47
320,130.53
321,121.4
322,117.28
323,120.15
324,172.02
325,144.9
326,124.77
327,110.65
328,103.12
329,97.89
330,92.77
331,90.94
332,93.11
333,89.39
334,83.66
335,86.04
336,87.91
337,88.78
338,98.16
339,91.33
340,85.3
341,83.88
342,89.95
343,77.62
344,72.1
345,68.97
346,66.15
347,63.62
348,61.79
349,61.07
350,59.04
351,58.5
352,56.07
353,53.13
354,49.29
355,48.35
356,46.52
357,47.68
358,46.34
359,45.3
360,45.17
361,45.33
362,44.49
363,43.45
364,43.42
365,42.18
366,43.34
367,42.8
368,47.87
369,45.23
370,41.99
371,40.15
372,40.92
373,41.28
374,40.94
375,38.7
376,38.17
377,38.73
378,37.99
379,36.35
380,34.72
381,34.68
382,33.67
383,27.97
384,29.16
385,28.55
386,28.45
387,28.04
388,26.23
389,27.43
390,27.82
391,26.91
392,25.51
393,23.5
394,22.09
395,21.79
396,22.58
397,21.77
398,20.76
399,21.56
400,21.65
401,21.84
402,23.54
403,21.13
404,21.32
405,21.02
406,21.01
407,20.2
408,19.9
409,19.09
410,19.28
411,18.48
412,18.27
413,18.37
414,17.47
415,18.06
416,17.86
417,18.06
418,17.36
419,17.46
420,17.16
421,17.25
422,17.15
423,17.25
424,16.55
425,15.75
426,16.55
427,16.34
428,15.74
429,16.64
430,16.24
431,16.04
432,15.83
433,15.73
434,16.13
435,16.13
436,21.43
437,15.13
438,14.82
439,14.32
440,14.82
441,14.42
442,13.72
443,14.52
444,14.91
445,16.41
446,16.81
447,16.41
448,14.81
449,13.91
450,17.4
451,18.1
452,17.6
453,17.3
454,19.8
455,17
456,15.49
457,16.39
458,17.09
459,15.29
460,14.49
461,13.29
462,14.18
463,14.28
464,14.28
465,14.38
466,14.38
467,14.88
468,14.47
469,16.37
470,33.97
471,37.27
472,35.66
473,28.64
474,27.13
475,27.01
476,25.1
477,19.78
478,19.67
479,18.95
480,18.74
481,19.92
482,19.71
483,19.59
484,20.18
485,21.46
486,21.35
487,19.14
488,23.22
489,28.41
490,22.49
491,21.68
492,20.86
493,20.95
494,34.83
495,55.72
496,37.6
497,35.49
498,40.87
499,48.46
500,53.54
501,55.23
502,55.71
503,56.99
504,61.68
505,79.56
506,107.74
507,122.72
508,108.7
509,106.69
510,99.47
511,106.65
512,108.63
513,125.61
514,133.6
515,115.58
516,118.56
517,119.54
518,105.52
519,109.5
520,120.49
521,131.47
522,115.45
523,112.43
524,105.41
525,104.4
526,106.38
527,118.36
528,105.34
529,95.32
530,88.61
531,87.89
532,86.07
533,78.05
534,79.53
535,75.81
536,70.89
537,67.27
538,63.45
539,60.23
540,58.91
541,56.39
542,54.37
543,51.15
544,50.53
545,49.91
546,53.99
547,61.47
548,61.05
549,52.73
550,50.61
551,45.99
552,46.57
553,44.35
554,40.23
555,48.41
556,61.69
557,62.17
558,61.15
559,60.33
560,51.41
561,49.19
562,48.77
563,48.75
564,47.24
565,46.22
566,48.11
567,54.49
568,57.68
569,54.06
570,50.95
571,48.53
572,47.62
573,46.2
574,46.68
575,44.47
576,43.35
577,42.14
578,42.32
579,41.21
580,40.29
581,47.18
582,44.56
583,42.14
584,41.03
585,40.81
586,40.9
587,41.68
588,40.57
589,39.25
590,38.64
591,38.52
592,38.11
593,39.19
594,45.6
595,42.41
596,48.42
597,41.22
598,40.13
599,37.64
600,44.65
601,55.76
602,55.07
603,50.28
604,63.69
605,69.29
606,66
607,63.91
608,69.02
609,76.63
610,85.54
611,88.35
612,106.26
613,122.36
614,121.47
615,113.58
616,112.69
617,130.8
618,126.91
619,115.02
620,107.13
621,132.23
622,131.34
623,128.45
624,160.56
625,140.51
626,159.47
627,144.42
628,146.37
629,133.32
630,123.28
631,116.23
632,119.18
633,113.13
634,106.09
635,104.94
636,126.99
637,126.94
638,107.9
639,98.45
640,95.7
641,89.86
642,83.91
643,80.56
644,77.81
645,81.97
646,88.62
647,91.97
648,90.32
649,83.78
650,101.73
651,96.48
652,97.33
653,95.29
654,94.24
655,100.14
656,178.54
657,127.74
658,127.94
659,120.14
660,125.33
661,136.53
662,131.73
663,121.93
664,111.13
665,105.33
666,104.13
667,110.73
668,132.93
669,125.13
670,187.32
671,233.52
672,190.72
673,171.92
674,165.12
675,154.32
676,143.52
677,135.72
678,125.92
679,125.12
680,117.31
681,121.51
682,124.71
683,130.91
684,128.11
685,144.31
686,128.11
687,120.9
688,136.7
689,150.49
690,151.29
691,185.08
692,201.88
693,174.67
694,160.47
695,171.26
696,160.06
697,146.85
698,135.65
699,125.44
700,118.24
701,113.04
702,107.83
703,102.73
704,93.62
705,85.92
706,82.81
707,79.31
708,84.5
709,83.1
710,76.79
711,73.49
712,75.38
713,71.78
714,70.37
715,72.17
716,69.19
717,66.1
718,67.02
719,64.94
720,63.75
721,61.97
722,60.79
723,59.1
724,58.62
725,60.53
726,61.05
727,61.87
728,57.88
729,59.7
730,62.32
731,59.93
732,57.35
733,59.87
734,55.38
735,55.1
736,53.92
737,52.73
738,50.95
739,47.76
740,47.68
741,43.6
742,46.01
743,46.83
744,39.95
745,37.36
746,36.78
747,37.46
748,38.84
749,36.21
750,33.49
751,31.37
752,31.05
753,30.22
754,30.8
755,29.98
756,29.46
757,28.44
758,27.61
759,26.89
760,26.37
761,27.45
762,25.92
763,25.8
764,25.38
765,24.76
766,24.13
767,23.81
768,23.99
769,23.77
770,24.95
771,23.02
772,23.7
773,22.78
774,21.76
775,21.33
776,20.91
777,20.39
778,20.28
779,19.87
780,19.57
781,19.26
782,18.95
783,18.74
784,18.93
785,25.12
786,39.12
787,21.81
788,20
789,19.09
790,18.78
791,18.17
792,17.87
793,17.66
794,17.35
795,16.94
796,16.73
797,16.63
798,16.92
799,17.91
800,18.3
801,16.29
802,17.08
803,15.78
804,15.87
805,17.16
806,15.26
807,15.36
808,16.07
809,22.57
810,28.37
811,30.67
812,27.18
813,21.48
814,20.08
815,18.98
816,17.08
817,18.09
818,20.19
819,20.39
820,17.89
821,16.5
822,16.3
823,15.6
824,15.3
825,14.91
826,14.41
827,14.21
828,17.41
829,21.91
830,17.02
831,15.42
832,26.32
833,26.92
834,31.93
835,39.83
836,33.53
837,25.76
838,22.49
839,20.82
840,23.55
841,25.27
842,25
843,23.13
844,20.76
845,22.29
846,27.12
847,25.65
848,24.48
849,22.21
850,21.34
851,20.56
852,19.59
853,18.52
854,19.95
855,18.18
856,18.61
857,20.84
858,24.97
859,23.2
860,22.93
861,26.85
862,26.98
863,23.71
864,23.84
865,22.47
866,20.7
867,38.48
868,47.75
869,31.73
870,35.4
871,44.18
872,42.76
873,50.13
874,42.51
875,43.69
876,114.36
877,132.44
878,124.51
879,97.49
880,74.17
881,58.54
882,44.62
883,75.69
884,66.67
885,59.35
886,59.62
887,93.9
888,87.87
889,74.45
890,93.83
891,98.3
892,110.58
893,103.26
894,99.53
895,90.81
896,76.28
897,76.66
898,69.03
899,71.21
900,71.68
901,80.26
902,92.03
903,78.21
904,81.18
905,74.06
906,79.73
907,72.51
908,68.98
909,68.26
910,78.73
911,70.11
912,69.58
913,68.45
914,71.33
915,52.4
916,58.38
917,100.35
918,78.23
919,152.4
920,113.38
921,102.25
922,96.13
923,118.3
924,108.28
925,93.15
926,84.23
927,80.1
928,78.48
929,86.65
930,90.83
931,102.81
932,105.08
933,107.06
934,99.64
935,88.61
936,81.09
937,75.57
938,71.94
939,73.12
940,66.8
941,94.47
942,80.95
943,67.93
944,63.61
945,62.58
946,62.46
947,78.44
948,70.41
949,59.69
950,75.17
951,86.24
952,75.22
953,69.7
954,86.57
955,83.05
956,68.23
957,63.3
958,60.18
959,57.2
960,59.62
961,57.84
962,78.26
963,81.38
964,111.2
965,106.32
966,91.04
967,82.96
968,97.38
969,110.8
970,95.92
971,115.04
972,163.16
973,200.28
974,154.39
975,134.51
976,201.63
977,142.75
978,137.87
979,148.99
980,146.11
981,136.23
982,115.35
983,121.47
984,165.59
985,158.71
986,142.83
987,126.95
988,116.07
989,108.19
990,109.17
991,118.15
992,109.13
993,164.11
994,149.09
995,124.07
996,116.05
997,141.03
998,153.01
999,151.99
1000,135.97
1001,151.95
1002,142.93
1003,179.91
1004,183.88
1005,172.86
1006,146.84
1007,143.82
1008,123.8
1009,113.78
1010,116.76
1011,114.74
1012,135.72
1013,121.7
1014,131.68
1015,143.66
1016,159.64
1017,129.62
1018,118.6
1019,116.58
1020,146.61
1021,139.64
1022,204.67
1023,194.71
1024,187.74
1025,176.77
1026,150.8
1027,163.83
1028,144.86
1029,136.89
1030,127.92
1031,121.96
1032,121.99
1033,145.02
1034,143.05
1035,193.08
1036,177.11
1037,143.14
1038,127.17
1039,119.21
1040,118.24
1041,117.27
1042,113.3
1043,160.33
1044,150.36
1045,119.39
1046,110.42
1047,103.66
1048,98.09
1049,96.52
1050,96.65
1051,89.11
1052,87.08
1053,91.54
1054,86.7
1055,78.97
1056,75.43
1057,78.49
1058,62.86
1059,87.32
1060,69.08
1061,61.75
1062,58.11
1063,55.67
1064,56.44
1065,62.4
1066,87.06
1067,61.43
1068,56.29
1069,57.55
1070,57.22
1071,53.58
1072,49.74
1073,47.01
1074,45.27
1075,43.53
1076,42.7
1077,42.36
1078,50.42
1079,46.99
1080,43.45
1081,64.02
1082,52.99
1083,57.85
1084,57.62
1085,46.89
1086,43.26
1087,41.22
1088,39.29
1089,37.76
1090,36.43
1091,35.2
1092,34.06
1093,33.33
1094,32.4
1095,31.47
1096,30.73
1097,29.9
1098,29.27
1099,30.14
1100,31.2
1101,30.27
1102,27.54
1103,25.71
1104,24.18
1105,23.74
1106,23.41
1107,22.78
1108,22.25
1109,21.81
1110,21.68
1111,21.95
1112,21.63
1113,20.82
1114,21.2
1115,21.59
1116,20.27
1117,19.46
1118,19.04
1119,18.73
1120,19.21
1121,18.4
1122,18.38
1123,18.47
1124,18.35
1125,17.94
1126,17.62
1127,17.41
1128,17.39
1129,17.28
1130,16.86
1131,24.65
1132,19.33
1133,19.12
1134,19.4
1135,19.99
1136,21.57
1137,21.86
1138,20.34
1139,19.93
1140,19.81
1141,19.5
1142,19.08
1143,18.57
1144,19.06
1145,20.36
1146,24.25
1147,20.04
1148,18.83
1149,18.32
1150,17.91
1151,17.71
1152,17.2
1153,16.89
1154,19.48
1155,20.07
1156,17.07
1157,16.46
1158,16.55
1159,16.54
1160,17.13
1161,17.42
1162,17.52
1163,17.41
1164,17.3
1165,17.59
1166,18.78
1167,19.27
1168,20.57
1169,23.56
1170,30.45
1171,27.78
1172,23.81
1173,22.74
1174,21.17
1175,21.2
1176,22.62
1177,27.25
1178,16.78
1179,16.31
1180,17.04
1181,24.07
1182,32.5
1183,24.23
1184,17.26
1185,16.09
1186,15.71
1187,14.84
1188,19.37
1189,15.6
1190,13.73
1191,13.06
1192,12.49
1193,12.62
1194,16.75
1195,21.98
1196,20.5
1197,14.63
1198,13.36
1199,13.49
1200,15.32
1201,15.55
1202,16.44
1203,14.63
1204,15.12
1205,16.01
1206,14
1207,16.69
1208,23.28
1209,30.18
1210,38.17
1211,39.36
1212,38.65
1213,34.84
1214,31.43
1215,52.72
1216,68.31
1217,42.3
1218,45.59
1219,43.38
1220,33.97
1221,41.26
1222,42.55
1223,39.64
1224,73.34
1225,80.83
1226,69.92
1227,86.41
1228,101.7
1229,95.19
1230,73.38
1231,83.67
1232,66.89
1233,74.5
1234,104.02
1235,76.93
1236,64.55
1237,65.36
1238,76.68
1239,72.59
1240,77.41
1241,101.42
1242,116.64
1243,122.76
1244,124.87
1245,111.99
1246,139.1
1247,138.22
1248,115.33
1249,114.45
1250,103.66
1251,158.68
1252,158.8
1253,142.91
1254,118.03
1255,104.84
1256,108.26
1257,105.37
1258,197.49
1259,183.6
1260,169.72
1261,248.83
1262,189.95
1263,301.86
1264,210.78
1265,271.69
1266,283.61
1267,190.52
1268,168.43
1269,140.35
1270,143.26
1271,147.18
1272,125.09
1273,111
1274,113.92
1275,104.73
1276,94.75
1277,87.86
1278,81.67
1279,80.69
1280,86.8
1281,139.32
1282,111.23
1283,136.14
1284,135.06
1285,118.97
1286,117.89
1287,112.8
1288,100.61
1289,97.43
1290,90.54
1291,90.96
1292,108.37
1293,117.31
1294,99.25
1295,87.49
1296,80.44
1297,74.68
1298,74.52
1299,70.86
1300,67.5
1301,76.24
1302,74.89
1303,78.63
1304,66.57
1305,63.81
1306,63.15
1307,62.49
1308,81.24
1309,88.88
1310,82.82
1311,89.06
1312,96.8
1313,106.14
1314,92.79
1315,93.03
1316,82.97
1317,75.01
1318,75.85
1319,92.99
1320,97.44
1321,86.48
1322,92.22
1323,96.36
1324,106.69
1325,103.83
1326,85.86
1327,77.69
1328,75.43
1329,126.36
1330,109.49
1331,109.63
1332,103.86
1333,89.39
1334,80.83
1335,75.16
1336,75.69
1337,87.13
1338,81.76
1339,77.19
1340,78.12
1341,84.46
1342,79.79
1343,134.22
1344,109.36
1345,122.49
1346,117.62
1347,103.46
1348,92.39
1349,98.42
1350,131.16
1351,123.29
1352,120.42
1353,132.56
1354,133.69
1355,144.7
1356,156.71
1357,172.72
1358,224.73
1359,184.74
1360,178.75
1361,171.76
1362,199.77
1363,194.78
1364,165.79
1365,146.8
1366,149.81
1367,190.82
1368,169.83
1369,158.84
1370,160.84
1371,138.85
1372,124.86
1373,122.87
1374,116.88
1375,163.89
1376,173.9
1377,162.91
1378,193.92
1379,206.93
1380,168.94
1381,155.95
1382,160.96
1383,158.97
1384,145.98
1385,132.95
1386,139.91
1387,144.88
1388,208.84
1389,222.81
1390,211.77
1391,238.74
1392,183.7
1393,218.67
1394,167.63
1395,166.6
1396,196.57
1397,228.53
1398,185.5
1399,166.46
1400,153.43
1401,143.39
1402,136.36
1403,118.32
1404,122.29
1405,108.26
1406,100.32
1407,94.79
1408,97.05
1409,97.42
1410,98.68
1411,110.05
1412,120.01
1413,136.98
1414,152.94
1415,162.91
1416,163.81
1417,132.72
1418,119.62
1419,114.52
1420,105.43
1421,110.33
1422,122.23
1423,126.13
1424,125.04
1425,116.94
1426,117.84
1427,108.75
1428,109.65
1429,112.55
1430,106.46
1431,155.36
1432,135.26
1433,125.16
1434,113.07
1435,106.97
1436,107.87
1437,98.48
1438,90.08
1439,85.38
1440,92.29
1441,92.79
1442,117.29
1443,109.19
1444,100.2
1445,90.5
1446,83.63
1447,79.56
1448,74.69
1449,71.51
1450,67.44
1451,64.87
1452,64
1453,60.23
1454,57.96
1455,56.08
1456,53.31
1457,52.94
1458,51.67
1459,51.2
1460,47.33
1461,45.25
1462,43.58
1463,42.11
1464,40.84
1465,40.57
1466,39.2
1467,38.22
1468,37.45
1469,37.68
1470,44.01
1471,44.34
1472,38.07
1473,34.89
1474,33.22
1475,32.15
1476,31.58
1477,32.26
1478,32.14
1479,30.12
1480,28.8
1481,28.18
1482,28.06
1483,27.24
1484,25.92
1485,25.6
1486,24.98
1487,24.16
1488,23.54
1489,23.22
1490,22.7
1491,22.28
1492,22.17
1493,22.85
1494,21.13
1495,21.91
1496,21.99
1497,21.57
1498,21.05
1499,20.93
1500,20.51
1501,19.99
1502,19.87
1503,19.75
1504,19.33
1505,20.11
1506,22.49
1507,20.17
1508,20.16
1509,19.76
1510,20.95
1511,20.74
1512,22.04
1513,20.23
1514,19.22
1515,19.32
1516,18.31
1517,17.6
1518,17.5
1519,17.19
1520,17.18
1521,17.38
1522,17.27
1523,16.57
1524,16.26
1525,16.15
1526,15.75
1527,18.54
1528,16.43
1529,16.43
1530,15.92
1531,16.91
1532,15.21
1533,14.8
1534,15.39
1535,14.09
1536,14.08
1537,13.89
1538,13.79
1539,13.6
1540,13.31
1541,13.01
1542,12.92
1543,12.83
1544,12.63
1545,12.44
1546,11.84
1547,11.75
1548,12.06
1549,13.56
1550,16.97
1551,15.48
1552,16.48
1553,18.29
1554,15.2
1555,14.9
1556,25.81
1557,16.22
1558,14.22
1559,13.43
1560,12.93
1561,12.74
1562,13.05
1563,12.85
1564,12.16
1565,12.57
1566,12.17
1567,11.78
1568,12.14
1569,12.1
1570,11.77
1571,17.73
1572,24.59
1573,23.85
1574,20.52
1575,24.78
1576,26.24
1577,24.2
1578,34.97
1579,41.93
1580,31.79
1581,24.05
1582,26.72
1583,26.38
1584,33.04
1585,34.1
1586,39.06
1587,37.03
1588,36.89
1589,32.05
1590,34.81
1591,33.78
1592,30.64
1593,26.5
1594,28.96
1595,32.33
1596,44.59
1597,44.65
1598,62.85
1599,71.86
1600,79.06
1601,138.06
1602,245.06
1603,134.07
1604,107.07
1605,146.07
1606,108.08
1607,98.08
1608,87.38
1609,76.18
1610,125.09
1611,135.09
1612,94.09
1613,81
1614,79.5
1615,78.5
1616,74.41
1617,67.31
1618,80.11
1619,82.21
1620,72.22
1621,80.92
1622,88.62
1623,89.73
1624,76.33
1625,67.23
1626,73.53
1627,73.04
1628,78.74
1629,79.54
1630,67.13
1631,74.13
1632,73.83
1633,63.42
1634,69.02
1635,62.31
1636,55.61
1637,54.61
1638,56.7
1639,78.8
1640,84.7
1641,64.59
1642,69.89
1643,66.29
1644,57.78
1645,53.38
1646,50.57
1647,71.67
1648,117.07
1649,116.06
1650,101.86
1651,96.26
1652,81.05
1653,73.25
1654,69.54
1655,72.34
1656,89.44
1657,92.23
1658,80.83
1659,80.5
1660,73.38
1661,73.85
1662,75.22
1663,86.59
1664,85.77
1665,80.64
1666,137.81
1667,128.79
1668,110.76
1669,90.73
1670,87.1
1671,79.78
1672,72.55
1673,67.02
1674,69.4
1675,62.67
1676,58.24
1677,83.92
1678,77.49
1679,63.26
1680,57.33
1681,53.61
1682,50.38
1683,49.65
1684,48.23
1685,49.4
1686,49.17
1687,47.84
1688,47.32
1689,61.09
1690,77.3
1691,57.41
1692,52.83
1693,64.74
1694,71.85
1695,93.16
1696,66.77
1697,60.29
1698,92.6
1699,90.61
1700,102.32
1701,109.53
1702,129.65
1703,121.76
1704,139.87
1705,139.98
1706,109.09
1707,120.2
1708,96.52
1709,95.43
1710,137.54
1711,109.65
1712,150.76
1713,168.88
1714,158.99
1715,165.1
1716,181.21
1717,171.32
1718,178.44
1719,167.55
1720,160.66
1721,153.74
1722,153.83
1723,151.91
1724,175.99
1725,161.08
1726,164.16
1727,154.24
1728,136.33
1729,134.41
1730,148.49
1731,157.58
1732,141.66
1733,139.74
1734,136.83
1735,159.91
1736,161.99
1737,144.08
1738,136.16
1739,157.24
1740,176.33
1741,169.41
1742,163.49
1743,173.58
1744,158.66
1745,153.74
1746,202.83
1747,209.91
1748,186.99
1749,169.08
1750,219.16
1751,213.04
1752,178.92
1753,185.8
1754,171.68
1755,166.56
1756,151.44
1757,196.32
1758,168.21
1759,165.09
1760,159.97
1761,154.85
1762,139.73
1763,140.61
1764,139.49
1765,155.37
1766,144.25
1767,131.13
1768,142.01
1769,129.89
1770,133.77
1771,139.65
1772,143.53
1773,150.41
1774,229.3
1775,240.18
1776,180.06
1777,160.94
1778,135.82
1779,124.7
1780,114.58
1781,106.46
1782,118.37
1783,108.28
1784,94.9
1785,89.01
1786,84.62
1787,80.33
1788,78.14
1789,84.66
1790,89.27
1791,89.18
1792,79.69
1793,73.2
1794,69.62
1795,66.03
1796,62.44
1797,59.65
1798,57.36
1799,54.98
1800,52.69
1801,50.8
1802,49.81
1803,50.22
1804,48.74
1805,46.55
1806,51.46
1807,63.57
1808,52.18
1809,49.1
1810,44.41
1811,42.12
1812,40.5
1813,40.09
1814,39.97
1815,39.36
1816,38.14
1817,39.12
1818,36.81
1819,34.89
1820,33.77
1821,32.86
1822,32.54
1823,31.83
1824,32.41
1825,33.89
1826,30.68
1827,30.16
1828,29.45
1829,29.13
1830,28.61
1831,28.7
1832,29.08
1833,27.57
1834,27.15
1835,26.73
1836,30.72
1837,35.1
1838,30.48
1839,32.37
1840,31.65
1841,32.04
1842,30.52
1843,30.01
1844,30.99
1845,29.68
1846,29.37
1847,30.86
1848,30.54
1849,30.53
1850,36.22
1851,44.3
1852,31.59
1853,28.58
1854,27.57
1855,26.25
1856,25.24
1857,24.33
1858,23.81
1859,23.4
1860,22.49
1861,21.77
1862,21.06
1863,20.65
1864,19.94
1865,19.62
1866,19.51
1867,19.1
1868,18.78
1869,18.57
1870,18.76
1871,18.25
1872,17.93
1873,17.72
1874,20.13
1875,24.24
1876,18.55
1877,18.06
1878,17.77
1879,17.18
1880,21.79
1881,20.8
1882,18.11
1883,17.32
1884,16.43
1885,16.14
1886,17.65
1887,16.06
1888,16.67
1889,16.48
1890,16.59
1891,14.2
1892,13.61
1893,15.32
1894,14.03
1895,14.34
1896,19.85
1897,18.36
1898,17.47
1899,16.18
1900,15.99
1901,15.3
1902,14.91
1903,14.52
1904,15.43
1905,18.14
1906,21.55
1907,17.06
1908,19.97
1909,23.47
1910,28.38
1911,30.99
1912,24.6
1913,23.71
1914,45.82
1915,52.73
1916,57.44
1917,38.55
1918,34.16
1919,38.47
1920,33.68
1921,28.39
1922,25.8
1923,32.91
1924,37.82
1925,39.72
1926,49.83
1927,62.74
1928,65.45
1929,47.16
1930,38.67
1931,34.08
1932,36.09
1933,34.56
1934,41.63
1935,68.19
1936,48.76
1937,42.83
1938,38.6
1939,36.56
1940,31.73
1941,37.8
1942,38.37
1943,31.03
1944,28.2
1945,28.47
1946,26.64
1947,26.71
1948,30.27
1949,40.54
1950,59.41
1951,59.48
1952,59.54
1953,55.81
1954,61.48
1955,84.65
1956,72.21
1957,72.68
1958,62.05
1959,71.22
1960,95.28
1961,93.65
1962,109.52
1963,101.86
1964,93.6
1965,96.84
1966,74.78
1967,68.82
1968,72.05
1969,65.79
1970,95.33
1971,87.07
1972,71.61
1973,72.55
1974,65.09
1975,58.63
1976,55.17
1977,51.71
1978,99.54
1979,84.28
1980,72.12
1981,78.56
1982,118.3
1983,128.34
1984,146.38
1985,108.42
1986,109.46
1987,101.8
1988,142.53
1989,107.57
1990,92.61
1991,93.35
1992,107.69
1993,84.23
1994,77.79
1995,81.85
1996,74.4
1997,65.16
1998,63.02
1999,79.58
2000,75.14
2001,79.99
2002,92.15
2003,90.51
2004,95.77
2005,78.73
2006,77.78
2007,84.94
2008,71.3
2009,66.86
2010,82.02
2011,77.27
2012,64.63
2013,59.09
2014,57.45
2015,60.31
2016,52.46
2017,62.52
2018,61.98
2019,79.24
2020,83.4
2021,134.55
2022,126.51
2023,152.47
2024,130.45
2025,107.43
2026,96.01
2027,99.79
2028,93.07
2029,99.34
2030,85.32
2031,76.3
2032,70.98
2033,67.86
2034,64.64
2035,60.42
2036,57.1
2037,53.58
2038,50.76
2039,52.93
2040,50.11
2041,55.39
2042,57.77
2043,61.15
2044,56.93
2045,51.11
2046,52.29
2047,47.67
2048,50.45
2049,69.92
2050,86.3
2051,63.28
2052,76.76
2053,109.84
2054,106.82
2055,113.94
2056,127.06
2057,97.48
2058,86.8
2059,78.92
2060,76.44
2061,86.96
2062,95.68
2063,100.1
2064,98.32
2065,117.14
2066,129.26
2067,133.38
2068,106.5
2069,83.62
2070,78.63
2071,126.85
2072,162.97
2073,126.09
2074,149.21
2075,131.33
2076,102.95
2077,91.57
2078,83.69
2079,99.01
2080,99.83
2081,85.95
2082,86.07
2083,85.49
2084,117.41
2085,89.43
2086,77.06
2087,86.89
2088,88.23
2089,240.46
2090,254.69
2091,263.92
2092,217.15
2093,333.39
2094,523.62
2095,674.85
2096,370.08
2097,264.31
2098,248.55
2099,210.78
2100,191.01
2101,224.24
2102,220.47
2103,245.71
2104,220.94
2105,187.17
2106,201.4
2107,225.63
2108,271.87
2109,232.1
2110,200.33
2111,231.56
2112,206.79
2113,183.03
2114,189.26
2115,182.49
2116,170.4
2117,160.31
2118,172.21
2119,185.12
2120,189.03
2121,279.94
2122,263.84
2123,251.75
2124,251.66
2125,281.57
2126,219.48
2127,233.38
2128,203.29
2129,198.2
2130,215.11
2131,234.01
2132,208.92
2133,181.83
2134,165.74
2135,170.64
2136,176.55
2137,160.46
2138,144.37
2139,155.28
2140,147.18
2141,171.09
2142,165
2143,171.91
2144,167.81
2145,181.72
2146,158.63
2147,169.37
2148,160.1
2149,152.84
2150,154.58
2151,141.32
2152,132.05
2153,161.79
2154,170.53
2155,160.27
2156,132
2157,145.74
2158,126.48
2159,114.22
2160,105.05
2161,98.09
2162,92.23
2163,88.46
2164,86.5
2165,89.24
2166,83.38
2167,75.31
2168,72.55
2169,68.79
2170,65.23
2171,62.36
2172,60.2
2173,61.14
2174,59.28
2175,58.81
2176,55.25
2177,51.82
2178,49.89
2179,48.26
2180,47.02
2181,46.99
2182,46.86
2183,44.13
2184,42.9
2185,47.67
2186,46.43
2187,46
2188,43.77
2189,42.74
2190,41.21
2191,38.88
2192,36.94
2193,36.01
2194,38.08
2195,36.35
2196,38.52
2197,43.59
2198,50.15
2199,42.82
2200,37.79
2201,37.16
2202,34.43
2203,33.1
2204,32.06
2205,31.23
2206,30.1
2207,38.17
2208,68.85
2209,41.63
2210,34.21
2211,31.9
2212,30.38
2213,29.06
2214,28.24
2215,28.12
2216,27.1
2217,25.88
2218,25.26
2219,25.05
2220,24.93
2221,25.31
2222,25.69
2223,28.57
2224,26.75
2225,34.03
2226,49.81
2227,47
2228,35.78
2229,29.66
2230,27.34
2231,25.52
2232,24.3
2233,23.38
2234,22.76
2235,22.25
2236,21.53
2237,23.91
2238,23.59
2239,21.07
2240,20.36
2241,19.94
2242,19.53
2243,19.11
2244,18.6
2245,18.08
2246,17.97
2247,17.85
2248,17.74
2249,17.73
2250,18.21
2251,17.8
2252,16.78
2253,16.57
2254,16.35
2255,16.24
2256,16.32
2257,15.8
2258,15.39
2259,15.38
2260,16.26
2261,15.24
2262,15.83
2263,15.51
2264,15
2265,14.78
2266,14.37
2267,14.18
2268,14.1
2269,14.11
2270,13.83
2271,13.74
2272,13.55
2273,13.67
2274,15.28
2275,16.19
2276,17.71
2277,15.92
2278,16.24
2279,15.85
2280,16.16
2281,19.68
2282,27.79
2283,20.81
2284,20.32
2285,20.33
2286,21.75
2287,31.56
2288,36.18
2289,41.79
2290,30
2291,32.22
2292,40.73
2293,44.84
2294,40.96
2295,38.57
2296,38.49
2297,34.5
2298,29.08
2299,27.76
2300,24.64
2301,26.01
2302,38.59
2303,36.27
2304,29.45
2305,25.63
2306,24.2
2307,24.98
2308,25.56
2309,33.74
2310,28.22
2311,32.3
2312,35.67
2313,32.65
2314,31.63
2315,23.91
2316,29.89
2317,28.37
2318,30.64
2319,37.92
2320,54.1
2321,95.58
2322,101.76
2323,76.84
2324,66.61
2325,65.29
2326,69.67
2327,80.75
2328,65.6
2329,69.25
2330,62.49
2331,64.04
2332,69.19
2333,90.74
2334,96.89
2335,104.83
2336,87.48
2337,75.03
2338,74.18
2339,64.13
2340,58.87
2341,60.52
2342,57.07
2343,55.02
2344,66.07
2345,91.62
2346,68.36
2347,91.41
2348,126.56
2349,125.51
2350,190.56
2351,148.2
2352,168.35
2353,180.2
2354,155.45
2355,127
2356,121.14
2357,117.39
2358,103.34
2359,107.8
2360,93.77
2361,81.63
2362,87
2363,83.86
2364,78.43
2365,90.49
2366,80.25
2367,89.12
2368,84.38
2369,77.55
2370,72.61
2371,65.98
2372,60.34
2373,57.21
2374,53.77
2375,51.73
2376,56.6
2377,54.56
2378,55.03
2379,48.79
2380,50.16
2381,55.32
2382,65.38
2383,59.75
2384,50.51
2385,47.18
2386,55.74
2387,55.21
2388,55.17
2389,50.74
2390,59.52
2391,82.69
2392,92.87
2393,94.64
2394,122.22
2395,99.79
2396,85.07
2397,81.64
2398,76.82
2399,81.49
2400,95.46
2401,106.84
2402,113.51
2403,106.29
2404,102.06
2405,88.94
2406,80.81
2407,80.79
2408,71.56
2409,67.93
2410,62.71
2411,66.98
2412,67.16
2413,59.43
2414,59.91
2415,138.48
2416,114.06
2417,83.63
2418,70.71
2419,94.88
2420,81.7
2421,92.11
2422,87.73
2423,84.45
2424,80.06
2425,75.58
2426,77.7
2427,71.61
2428,71.93
2429,71.05
2430,78.96
2431,75.68
2432,80.5
2433,77.51
2434,75.73
2435,68.05
2436,70.27
2437,76.98
2438,95.9
2439,93.42
2440,81.23
2441,124.65
2442,127.17
2443,112.88
2444,102.2
2445,105.42
2446,91.53
2447,83.45
2448,98.07
2449,132.58
2450,114.1
2451,96.77
2452,95.43
2453,98.9
2454,97.57
2455,120.23
2456,120.1
2457,95.87
2458,85.53
2459,84
2460,75.67
2461,65.03
2462,58.2
2463,54.87
2464,98.53
2465,70.2
2466,57.87
2467,59.13
2468,71.1
2469,101.77
2470,79.43
2471,159.1
2472,120.17
2473,111.23
2474,108.3
2475,152.37
2476,179.43
2477,166.5
2478,141.57
2479,119.63
2480,273.7
2481,278.68
2482,202.67
2483,187.65
2484,204.64
2485,633.62
2486,621.6
2487,293.59
2488,227.57
2489,191.55
2490,173.54
2491,150.52
2492,127.51
2493,236.49
2494,342.47
2495,217.46
2496,166.44
2497,199.43
2498,215.41
2499,165.39
2500,139.38
2501,134.36
2502,179.35
2503,298.33
2504,216.31
2505,207.5
2506,228.38
2507,192.36
2508,202.75
2509,184.13
2510,247.22
2511,236.2
2512,181.12
2513,158.05
2514,146.97
2515,148.9
2516,149.82
2517,125.75
2518,126.67
2519,131.59
2520,119.52
2521,114.44
2522,99.37
2523,97.29
2524,108.22
2525,113.14
2526,92.47
2527,90.79
2528,84.31
2529,80.04
2530,73.56
2531,71.09
2532,66.81
2533,65.14
2534,63.76
2535,62.68
2536,63.61
2537,66.53
2538,64.26
2539,66.38
2540,81.21
2541,81.23
2542,67.48
2543,61.73
2544,58.98
2545,58.54
2546,58.39
2547,63.94
2548,58.29
2549,58.94
2550,60.89
2551,84.64
2552,54.69
2553,42.25
2554,41.9
2555,37.65
2556,35.9
2557,35.35
2558,35.4
2559,33.35
2560,33.3
2561,37.86
2562,35.41
2563,32.36
2564,31.81
2565,24.26
2566,24.01
2567,23.86
2568,23.71
2569,23.67
2570,23.62
2571,23.47
2572,23.42
2573,23.4
2574,23.38
2575,22.36
2576,23.65
2577,25.03
2578,24.21
2579,24.29
2580,24.97
2581,22.95
2582,22.43
2583,22.41
2584,22.6
2585,22.98
2586,24.16
2587,22.34
2588,21.12
2589,19.9
2590,19.38
2591,19.06
2592,19.05
2593,19.03
2594,18.51
2595,17.89
2596,17.37
2597,17.05
2598,16.83
2599,16.51
2600,16.4
2601,15.78
2602,15.26
2603,15.64
2604,21.84
2605,20.34
2606,19.44
2607,18.34
2608,18.13
2609,18.13
2610,17.03
2611,16.43
2612,16.33
2613,16.03
2614,15.93
2615,15.73
2616,15.53
2617,15.43
2618,15.32
2619,15.12
2620,15.02
2621,14.92
2622,14.62
2623,16.82
2624,20.32
2625,17.42
2626,16.02
2627,17.81
2628,16.91
2629,15.51
2630,15.81
2631,15.91
2632,25.23
2633,30.14
2634,17.96
2635,15.98
2636,14.09
2637,13.61
2638,19.33
2639,19.34
2640,20.26
2641,25.07
2642,24.09
2643,18.41
2644,19.62
2645,18.14
2646,20.76
2647,32.17
2648,24.39
2649,26.21
2650,23.72
2651,21.94
2652,24.26
2653,23.37
2654,36.39
2655,58.4
2656,60.52
2657,64.64
2658,72.35
2659,71.77
2660,67.89
2661,62.2
2662,57.32
2663,45.17
2664,39.41
2665,35.56
2666,32.41
2667,33.65
2668,36.3
2669,32.24
2670,28.09
2671,29.14
2672,34.28
2673,54.03
2674,63.48
2675,49.42
2676,45.17
2677,40.11
2678,64.86
2679,85.41
2680,86.95
2681,92.5
2682,88.05
2683,80.59
2684,88.54
2685,141.39
2686,130.43
2687,114.48
2688,104.52
2689,103.57
2690,103.62
2691,97.56
2692,93.61
2693,128.73
2694,143.74
2695,149.76
2696,160.78
2697,150.79
2698,175.81
2699,161.83
2700,172.84
2701,170.86
2702,174.87
2703,162.89
2704,197.91
2705,159.92
2706,162.94
2707,177.96
2708,165.97
2709,135.99
2710,130.01
2711,117.02
2712,117.04
2713,131.06
2714,144.07
2715,140.09
2716,116.1
2717,110.12
2718,105.14
2719,113.15
2720,112.17
2721,121.19
2722,153.2
2723,137.22
2724,137.23
2725,126.24
2726,114.25
2727,100.76
2728,101.47
2729,93.68
2730,88.89
2731,97.2
2732,93.21
2733,85.82
2734,78.33
2735,73.84
2736,71.75
2737,69.26
2738,65.87
2739,67.58
2740,70.39
2741,63.6
2742,60.01
2743,56.42
2744,57.53
2745,55.04
2746,57.25
2747,60.66
2748,66.67
2749,60.68
2750,75.69
2751,66.5
2752,64.41
2753,62.02
2754,61.03
2755,58.04
2756,57.15
2757,57.86
2758,64.77
2759,69.18
2760,94.19
2761,129.4
2762,134.51
2763,119.62
2764,99.93
2765,118.84
2766,117.95
2767,106.06
2768,98.67
2769,91.38
2770,87.39
2771,97.8
2772,119.61
2773,99.52
2774,124.83
2775,173.94
2776,186.05
2777,194.16
2778,161.27
2779,167.38
2780,164.49
2781,156.6
2782,156.71
2783,176.82
2784,164.93
2785,141.02
2786,136.11
2787,152.2
2788,154.29
2789,154.38
2790,140.47
2791,168.56
2792,161.65
2793,144.74
2794,140.83
2795,137.92
2796,197.01
2797,171.1
2798,176.19
2799,217.28
2800,229.36
2801,187.45
2802,167.54
2803,215.63
2804,192.72
2805,168.81
2806,157.9
2807,153.99
2808,159.08
2809,167.17
2810,167.26
2811,152.35
2812,179.44
2813,166.53
2814,191.62
2815,168.71
2816,176.82
2817,168.94
2818,178.05
2819,230.16
2820,224.27
2821,211.39
2822,231.5
2823,190.61
2824,182.73
2825,167.84
2826,166.95
2827,174.07
2828,172.18
2829,154.29
2830,146.4
2831,189.52
2832,154.63
2833,151.74
2834,181.86
2835,175.97
2836,232.08
2837,218.2
2838,190.31
2839,198.42
2840,188.54
2841,184.65
2842,239.76
2843,299.87
2844,312.99
2845,282.1
2846,261.94
2847,231.79
2848,216.63
2849,233.48
2850,318.32
2851,294.17
2852,242.01
2853,205.86
2854,194.7
2855,179.55
2856,193.39
2857,193.24
2858,229.08
2859,212.93
2860,308.77
2861,241.62
2862,223.46
2863,202.31
2864,209.15
2865,227
2866,251.84
2867,215.69
2868,216.53
2869,193.38
2870,171.22
2871,159.07
2872,155.91
2873,174.76
2874,180.6
2875,147.45
2876,132.29
2877,120.1
2878,110.91
2879,103.41
2880,96.72
2881,94.33
2882,91.14
2883,100.04
2884,85.55
2885,83.86
2886,78.97
2887,76.07
2888,72.68
2889,69.19
2890,65.5
2891,66.21
2892,69.01
2893,63.42
2894,66.63
2895,87.14
2896,80.74
2897,70.85
2898,63.66
2899,58.77
2900,62.07
2901,62.78
2902,62.49
2903,56.7
2904,57.6
2905,55.31
2906,56.02
2907,58.39
2908,50.35
2909,47.32
2910,45.09
2911,43.46
2912,42.12
2913,41.99
2914,44.06
2915,43.13
2916,49.09
2917,44.66
2918,42.93
2919,44.6
2920,44.66
2921,40.63
2922,38.1
2923,36.27
2924,34.93
2925,33.9
2926,34.17
2927,32.64
2928,31.7
2929,31.27
2930,31.04
2931,29.81
2932,28.87
2933,28.34
2934,27.81
2935,27.18
2936,26.44
2937,26.31
2938,29.5
2939,30.38
2940,26.17
2941,26.66
2942,25.85
2943,29.13
2944,24.32
2945,23.61
2946,23.1
2947,22.78
2948,22.17
2949,21.66
2950,21.25
2951,20.93
2952,20.52
2953,20.21
2954,20
2955,19.78
2956,19.47
2957,19.16
2958,19.05
2959,18.63
2960,20.32
2961,20.31
2962,19
2963,17.98
2964,17.77
2965,19.46
2966,21.65
2967,21.23
2968,26.22
2969,19.12
2970,18.63
2971,28.33
2972,31.84
2973,23.94
2974,25.65
2975,33.55
2976,23.56
2977,22.26
2978,20.66
2979,19.47
2980,19.27
2981,19.98
2982,18.28
2983,17.69
2984,17.09
2985,16.8
2986,16.7
2987,16.91
2988,16.51
2989,18.61
2990,18.52
2991,16.12
2992,15.93
2993,17.13
2994,19.04
2995,24.94
2996,28.55
2997,26.35
2998,25.08
2999,19.91
3000,24.43
3001,21.26
3002,18.89
3003,18.92
3004,17.95
3005,23.97
3006,23.1
3007,26.53
3008,21.66
3009,21.09
3010,20.21
3011,18.74
3012,17.87
3013,18.4
3014,18.83
3015,21.46
3016,19.98
3017,25.11
3018,34.04
3019,34.47
3020,42.7
3021,51.32
3022,49.85
3023,55.48
3024,67.61
3025,79.94
3026,59.86
3027,51.99
3028,45.62
3029,38.39
3030,34.35
3031,32.92
3032,32.88
3033,33.85
3034,32.02
3035,37.48
3036,32.85
3037,33.61
3038,36.78
3039,33.15
3040,30.81
3041,28.38
3042,32.04
3043,41.41
3044,64.48
3045,63.84
3046,73.21
3047,61.77
3048,52.14
3049,47.31
3050,40.57
3051,37.74
3052,48.5
3053,55.67
3054,55.04
3055,47.8
3056,42.17
3057,38.23
3058,43.5
3059,43.92
3060,57.24
3061,72.95
3062,67.27
3063,84.09
3064,136.21
3065,162.22
3066,165.24
3067,161.26
3068,157.28
3069,119.3
3070,119.31
3071,308.33
3072,1365.35
3073,462.37
3074,260.38
3075,238.4
3076,186.42
3077,180.44
3078,186.45
3079,176.47
3080,163.49
3081,173.51
3082,171.53
3083,166.54
3084,148.56
3085,144.58
3086,138.6
3087,133.61
3088,134.63
3089,168.65
3090,150.69
3091,165.74
3092,142.78
3093,158.82
3094,134.87
3095,119.91
3096,112.95
3097,109.99
3098,103.74
3099,94.78
3100,96.52
3101,95.27
3102,104.21
3103,117.25
3104,101.39
3105,110.34
3106,140.38
3107,137.42
3108,119.47
3109,162.51
3110,148.55
3111,130.6
3112,141.64
3113,146.68
3114,170.73
3115,156.77
3116,176.81
3117,203.85
3118,157.9
3119,136.94
3120,147.98
3121,137.01
3122,172.05
3123,166.08
3124,150.12
3125,164.15
3126,164.19
3127,145.23
3128,132.26
3129,124.3
3130,115.33
3131,109.37
3132,119.41
3133,118.44
3134,116.48
3135,135.51
3136,120.55
3137,119.58
3138,160.62
3139,150.66
3140,126.69
3141,113.73
3142,117.76
3143,137.8
3144,135.84
3145,118.87
3146,114.91
3147,127.94
3148,120.98
3149,107.01
3150,124.05
3151,152.07
3152,150.08
3153,156.1
3154,164.11
3155,211.13
3156,185.14
3157,174.16
3158,160.17
3159,155.19
3160,306.2
3161,235.22
3162,224.24
3163,256.25
3164,229.27
3165,210.28
3166,183.3
3167,207.31
3168,189.33
3169,188.34
3170,189.36
3171,179.38
3172,171.39
3173,160.41
3174,169.42
3175,175.44
3176,193.45
3177,161.47
3178,139.48
3179,129.5
3180,141.51
3181,133.53
3182,123.56
3183,116.59
3184,122.62
3185,153.65
3186,130.68
3187,136.72
3188,128.75
3189,168.78
3190,152.81
3191,139.84
3192,137.87
3193,132.9
3194,129.93
3195,250.96
3196,220.99
3197,205.03
3198,172.06
3199,170.09
3200,163.12
3201,167.15
3202,208.18
3203,231.21
3204,231.24
3205,202.27
3206,212.3
3207,195.34
3208,276.37
3209,660.4
3210,366.43
3211,428.46
3212,399.37
3213,324.28
3214,278.2
3215,278.11
3216,258.02
3217,259.93
3218,273.85
3219,271.76
3220,222.67
3221,209.58
3222,186.49
3223,174.41
3224,161.32
3225,151.23
3226,152.14
3227,147.06
3228,158.97
3229,155.88
3230,194.79
3231,208.71
3232,186.62
3233,179.53
3234,177.44
3235,170.35
3236,156.27
3237,143.18
3238,140.09
3239,145
3240,134.92
3241,138.83
3242,130.74
3243,134.64
3244,132.55
3245,124.45
3246,128.36
3247,124.26
3248,122.17
3249,136.07
3250,141.97
3251,179.88
3252,157.78
3253,144.69
3254,146.59
3255,141.5
3256,159.4
3257,255.3
3258,140.21
3259,123.11
3260,115.02
3261,119.92
3262,104.83
3263,92.93
3264,86.64
3265,81.54
3266,76.94
3267,73.55
3268,91.85
3269,76.16
3270,71.66
3271,68.37
3272,63.87
3273,60.72
3274,58.37
3275,56.22
3276,54.67
3277,53.42
3278,51.47
3279,50.72
3280,48.77
3281,47.32
3282,46.07
3283,45.02
3284,44.07
3285,42.72
3286,41.87
3287,41.32
3288,40.67
3289,39.82
3290,38.57
3291,37.52
3292,36.87
3293,36.02
3294,35.37
3295,40.12
3296,41.17
3297,35.82
3298,33.77
3299,34.12
3300,32.37
3301,31.72
3302,31.17
3303,32.52
3304,30.71
3305,29.9
3306,29.49
3307,29.68
3308,28.77
3309,29.55
3310,28.14
3311,28.13
3312,26.52
3313,26.41
3314,27.7
3315,25.99
3316,25.28
3317,25.57
3318,24.86
3319,26.04
3320,24.93
3321,23.82
3322,23.31
3323,24.7
3324,31.89
3325,32.28
3326,34.17
3327,29.86
3328,25.55
3329,23.73
3330,22.52
3331,21.81
3332,21.4
3333,20.89
3334,20.88
3335,20.48
3336,19.77
3337,19.17
3338,18.96
3339,18.76
3340,19.85
3341,19.05
3342,18.44
3343,17.94
3344,17.53
3345,17.43
3346,17.32
3347,17.02
3348,17.02
3349,17.21
3350,16.51
3351,16.2
3352,16.1
3353,15.99
3354,15.89
3355,15.88
3356,16.98
3357,17.67
3358,15.77
3359,15.46
3360,15.26
3361,16.15
3362,17.15
3363,17.15
3364,16.35
3365,18.04
3366,17.54
3367,18.14
3368,20.94
3369,19.64
3370,22.23
3371,24.53
3372,30.53
3373,26.73
3374,20.43
3375,22.02
3376,24.22
3377,21.62
3378,20.02
3379,22.62
3380,19.72
3381,20.41
3382,18.01
3383,16.51
3384,15.71
3385,15.11
3386,14.6
3387,14.9
3388,17.7
3389,14.7
3390,14.4
3391,15.79
3392,14.49
3393,20.79
3394,16.52
3395,20.65
3396,22.28
3397,21.41
3398,22.94
3399,19.87
3400,17.6
3401,13.64
3402,14.57
3403,13.7
3404,20.43
3405,22.26
3406,30.89
3407,29.02
3408,31.75
3409,29.88
3410,28.11
3411,30.94
3412,27.47
3413,51.5
3414,49.53
3415,33.56
3416,24.5
3417,32.13
3418,22.56
3419,20.09
3420,17.82
3421,30.45
3422,34.78
3423,44.81
3424,34.89
3425,41.17
3426,43.75
3427,58.33
3428,47.21
3429,45.29
3430,70.47
3431,65.95
3432,56.13
3433,62.61
3434,55.39
3435,70.77
3436,71.75
3437,94.63
3438,139.41
3439,165.18
3440,100.66
3441,108.84
3442,105.02
3443,105.6
3444,106.88
3445,110.96
3446,117.94
3447,105.22
3448,114.4
3449,115.38
3450,163.46
3451,177.74
3452,171.32
3453,184.3
3454,153.48
3455,161.15
3456,78.03
3457,86.7
3458,86.08
3459,85.35
3460,89.52
3461,95.6
3462,128.97
3463,128.95
3464,96.22
3465,89.69
3466,87.07
3467,89.34
3468,84.72
3469,88.29
3470,104.76
3471,100.84
3472,83.71
3473,74.89
3474,67.96
3475,67.13
3476,77.81
3477,70.48
3478,62.16
3479,68.63
3480,65.7
3481,56.48
3482,55.55
3483,50.93
3484,48.1
3485,45.99
3486,44.48
3487,42.96
3488,41.45
3489,49.84
3490,49.73
3491,46.12
3492,42.7
3493,40.99
3494,41.18
3495,40.87
3496,38.36
3497,36.64
3498,40.03
3499,38.82
3500,37.41
3501,35.9
3502,34.19
3503,33.27
3504,32.96
3505,34.35
3506,38.74
3507,43.93
3508,39.01
3509,49.6
3510,48.09
3511,40.58
3512,37.07
3513,60.45
3514,65.34
3515,51.03
3516,63.98
3517,109.14
3518,104.19
3519,89.65
3520,98.6
3521,96.56
3522,92.71
3523,86.86
3524,82.12
3525,81.67
3526,72.23
3527,69.58
3528,78.13
3529,81.59
3530,75.54
3531,73.9
3532,70.35
3533,67.41
3534,67.06
3535,95.51
3536,79.37
3537,70.52
3538,65.78
3539,70.03
3540,62.88
3541,69.64
3542,75.79
3543,69.05
3544,61.9
3545,60.06
3546,58.71
3547,62.61
3548,76.22
3549,75.12
3550,100.12
3551,81.82
3552,80.43
3553,75.53
3554,76.33
3555,79.33
3556,81.34
3557,72.04
3558,113.94
3559,123.04
3560,96.25
3561,84.45
3562,109.35
3563,97.96
3564,93.36
3565,117.66
3566,116.76
3567,118.87
3568,106.37
3569,96.37
3570,93.17
3571,103.48
3572,111.38
3573,102.98
3574,101.28
3575,90.79
3576,92.79
3577,89.6
3578,83.51
3579,86.13
3580,93.54
3581,117.35
3582,112.26
3583,99.58
3584,130.09
3585,136
3586,112.91
3587,104.92
3588,111.74
3589,110.65
3590,138.56
3591,134.47
3592,110.39
3593,106.3
3594,130.21
3595,150.12
3596,210.04
3597,209.95
3598,137.86
3599,135.77
3600,127.68
3601,114.6
3602,121.51
3603,134.42
3604,153.33
3605,127.25
3606,146.16
3607,117.07
3608,106.96
3609,96.44
3610,93.73
3611,88.72
3612,82.7
3613,87.49
3614,88.27
3615,107.16
3616,127.05
3617,127.93
3618,98.42
3619,93.51
3620,85.99
3621,80.28
3622,73.67
3623,70.45
3624,66.54
3625,62.12
3626,58.91
3627,56.7
3628,56.18
3629,52.27
3630,50.46
3631,48.64
3632,50.03
3633,51.41
3634,47.6
3635,44.59
3636,42.97
3637,41.56
3638,42.14
3639,39.52
3640,38.3
3641,38.37
3642,41.35
3643,49.63
3644,42.71
3645,40.99
3646,40.07
3647,41.14
3648,37.42
3649,40.8
3650,36.58
3651,34.96
3652,33.64
3653,35.51
3654,31.89
3655,31.17
3656,30.35
3657,29.43
3658,28.71
3659,28.28
3660,27.56
3661,26.84
3662,26.02
3663,25.9
3664,28.58
3665,29.95
3666,27.53
3667,26.61
3668,24.89
3669,23.89
3670,23.4
3671,22.7
3672,22.21
3673,21.71
3674,21.32
3675,20.82
3676,20.43
3677,22.53
3678,27.84
3679,21.64
3680,22.55
3681,20.15
3682,19.46
3683,19.16
3684,18.77
3685,18.47
3686,18.18
3687,17.78
3688,17.39
3689,17.09
3690,16.9
3691,17.1
3692,19.71
3693,19.61
3694,18.12
3695,16.92
3696,16.53
3697,19.33
3698,23.14
3699,28.94
3700,22.24
3701,19.34
3702,18.04
3703,17.14
3704,17.13
3705,16.53
3706,17.63
3707,20.43
3708,25.63
3709,27.93
3710,25.83
3711,27.83
3712,29.33
3713,28.23
3714,27.02
3715,24.52
3716,28.42
3717,29.42
3718,26.82
3719,22.62
3720,21.02
3721,19.92
3722,18.82
3723,18.51
3724,19.91
3725,17.81
3726,17.91
3727,16.81
3728,16.32
3729,15.93
3730,15.64
3731,15.85
3732,19.16
3733,23.47
3734,26.78
3735,23.19
3736,18.3
3737,19.41
3738,16.92
3739,16.43
3740,15.74
3741,15.45
3742,17.56
3743,20.97
3744,22.08
3745,30.39
3746,38
3747,32.61
3748,23.92
3749,28.13
3750,26.94
3751,27.75
3752,31.66
3753,31.47
3754,28.68
3755,30.29
3756,28.8
3757,30.51
3758,29.22
3759,29.97
3760,27.92
3761,22.17
3762,21.02
3763,25.27
3764,22.82
3765,22.57
3766,23.73
3767,23.48
3768,33.53
3769,45.88
3770,60.03
3771,73.28
3772,81.03
3773,90.88
3774,101.13
3775,109.88
3776,111.13
3777,98.68
3778,101.23
3779,105.78
3780,97.83
3781,88.69
3782,78.14
3783,69.79
3784,66.34
3785,63.39
3786,58.74
3787,56.99
3788,54.84
3789,61.58
3790,68.03
3791,62.67
3792,60.52
3793,73.56
3794,89.41
3795,97.85
3796,112
3797,125.44
3798,132.19
3799,132.83
3800,124.08
3801,109.82
3802,96.37
3803,85.41
3804,78.36
3805,83
3806,112.85
3807,170.09
3808,190.04
3809,159.28
3810,132.03
3811,115.97
3812,106.32
3813,101.86
3814,110.41
3815,110.35
3816,109.6
3817,125.84
3818,144.29
3819,159.23
3820,152.7
3821,130.48
3822,136.65
3823,160.02
3824,163.49
3825,151.37
3826,133.34
3827,115.91
3828,120.48
3829,136.96
3830,130.93
3831,120.6
3832,123.27
3833,120.25
3834,107.72
3835,112.59
3836,128.07
3837,122.04
3838,128.91
3839,134.98
3840,169.76
3841,192.23
3842,165
3843,144.77
3844,156.05
3845,174.02
3846,163.69
3847,159.16
3848,147.14
3849,128.71
3850,123
3851,115.3
3852,116.49
3853,158.39
3854,202.38
3855,190.18
3856,174.57
3857,163.46
3858,142.16
3859,150.05
3860,170.15
3861,173.04
3862,187.13
3863,209.83
3864,194.02
3865,166.72
3866,162.91
3867,160.01
3868,145.1
3869,130.59
3870,151.69
3871,188.58
3872,191.68
3873,177.97
3874,167.66
3875,163.06
3876,171.45
3877,172.35
3878,152.14
3879,132.84
3880,143.63
3881,152.69
3882,173.26
3883,187.42
3884,176.68
3885,176.35
3886,173.91
3887,173.57
3888,169.94
3889,169.5
3890,169.06
3891,178.03
3892,183.59
3893,204.35
3894,223.42
3895,200.78
3896,189.64
3897,201.3
3898,201.07
3899,210.23
3900,209.69
3901,226.86
3902,230.42
3903,191.38
3904,165.35
3905,160.21
3906,155.57
3907,164.44
3908,192.4
3909,199.96
3910,189.93
3911,180.79
3912,178.69
3913,170.98
3914,185.98
3915,198.77
3916,200.47
3917,225.86
3918,278.36
3919,288.95
3920,257.05
3921,257.44
3922,213.34
3923,196.23
3924,310.13
3925,426.02
3926,293.92
3927,247.82
3928,244.71
3929,294.61
3930,360.5
3931,351.4
3932,325.29
3933,270.19
3934,248.08
3935,223.98
3936,214.87
3937,214.77
3938,256.66
3939,189.56
3940,193.45
3941,235.35
3942,248.31
3943,209.27
3944,194.22
3945,182.18
3946,175.14
3947,184.1
3948,182.05
3949,164.01
3950,213.97
3951,249.93
3952,243.89
3953,220.84
3954,203.8
3955,222.76
3956,213.72
3957,213.67
3958,217.63
3959,394.59
3960,817.55
3961,1505.5
3962,1180.46
3963,508.42
3964,299.38
3965,250.34
3966,244.29
3967,225.25
3968,303.21
3969,270.17
3970,243.12
3971,259.08
3972,268.04
3973,248.81
3974,240.59
3975,196.36
3976,178.13
3977,166.9
3978,155.68
3979,142.45
3980,141.22
3981,128
3982,136.77
3983,133.54
3984,126.32
3985,118.09
3986,106.86
3987,134.63
3988,151.41
3989,161.18
3990,139.95
3991,136.73
3992,116.5
3993,104.37
3994,98.05
3995,91.12
3996,86.19
3997,81.56
3998,76.84
3999,73.01
4000,77.08
4001,76.36
4002,79.63
4003,70.79
4004,68.25
4005,66.71
4006,65.47
4007,66.93
4008,71.38
4009,64.14
4010,53.2
4011,50.96
4012,50.32
4013,48.58
4014,48.84
4015,48.7
4016,52.66
4017,49.72
4018,46.17
4019,41.93
4020,41.89
4021,40.65
4022,38.11
4023,45.27
4024,41.13
4025,45.89
4026,41.75
4027,36.31
4028,34.86
4029,34.02
4030,32.98
4031,32.14
4032,32.5
4033,33.76
4034,41.55
4035,54.43
4036,37.62
4037,31.3
4038,29.49
4039,28.58
4040,34.76
4041,29.25
4042,27.24
4043,26.22
4044,25.71
4045,34.69
4046,35.68
4047,29.97
4048,25.85
4049,24.74
4050,24.42
4051,24.01
4052,22.8
4053,22.08
4054,21.57
4055,21.15
4056,20.74
4057,22.23
4058,29.71
4059,39.8
4060,25.99
4061,21.57
4062,20.46
4063,19.84
4064,17.73
4065,18.93
4066,19.23
4067,27.92
4068,24.62
4069,18.92
4070,19.22
4071,18.71
4072,17.61
4073,17.61
4074,16.9
4075,16.6
4076,16.6
4077,19.7
4078,21.4
4079,19.59
4080,20.79
4081,20.19
4082,18.78
4083,16.88
4084,16.48
4085,18.38
4086,19.38
4087,31.47
4088,28.57
4089,20.87
4090,19.97
4091,21.56
4092,19.06
4093,16.87
4094,16.38
4095,16.1
4096,16.11
4097,17.52
4098,17.33
4099,15.95
4100,16.16
4101,19.17
4102,15.68
4103,15.29
4104,15.11
4105,19.72
4106,31.33
4107,22.44
4108,16.26
4109,19.27
4110,16.38
4111,17.39
4112,18.81
4113,17.52
4114,16.63
4115,19.34
4116,47.35
4117,35.47
4118,38.68
4119,48.89
4120,39.8
4121,55.92
4122,34.63
4123,29.34
4124,25.6
4125,24.96
4126,27.12
4127,28.68
4128,44.94
4129,40.81
4130,33.57
4131,40.13
4132,31.69
4133,34.95
4134,30.91
4135,50.17
4136,43.73
4137,40.99
4138,44.06
4139,55.52
4140,45.98
4141,40.64
4142,51.2
4143,50.96
4144,85.62
4145,65.38
4146,48.14
4147,46.7
4148,36.37
4149,43.63
4150,64.69
4151,97.75
4152,139.51
4153,115.67
4154,97.59
4155,52.71
4156,85.14
4157,72.36
4158,56.68
4159,52.3
4160,70.23
4161,58.15
4162,81.07
4163,97.19
4164,96.31
4165,140.24
4166,132.36
4167,136.48
4168,115.1
4169,119.73
4170,185.35
4171,163.87
4172,162.99
4173,209.12
4174,175.24
4175,146.36
4176,120.48
4177,103.6
4178,92.63
4179,84.05
4180,78.07
4181,73.09
4182,83.42
4183,86.94
4184,114.46
4185,102.78
4186,90.9
4187,87.12
4188,95.55
4189,89.17
4190,99.99
4191,88.01
4192,119.83
4193,159.76
4194,298.68
4195,156.6
4196,124.52
4197,107.04
4198,120.36
4199,117.29
4200,118.21
4201,97.33
4202,95.65
4203,95.87
4204,90.89
4205,87.82
4206,89.54
4207,93.66
4208,74.78
4209,72.8
4210,124.42
4211,105.25
4212,134.27
4213,122.19
4214,168.11
4215,156.18
4216,133.25
4217,116.91
4218,95.28
4219,92.65
4220,86.32
4221,80.19
4222,76.25
4223,72.22
4224,79.09
4225,91.66
4226,103.33
4227,84.89
4228,77.16
4229,76.63
4230,87.6
4231,81.67
4232,87.24
4233,81.8
4234,119.47
4235,100.64
4236,77.01
4237,75.38
4238,74.14
4239,59.81
4240,63.18
4241,65.55
4242,69.92
4243,70.28
4244,112.15
4245,211.22
4246,181.24
4247,132.27
4248,183.29
4249,199.32
4250,180.34
4251,189.37
4252,210.39
4253,162.42
4254,148.44
4255,189.47
4256,151.49
4257,155.52
4258,147.54
4259,120.57
4260,131.59
4261,109.12
4262,154.64
4263,128.67
4264,117.69
4265,128.72
4266,122.74
4267,114.77
4268,99.59
4269,92.62
4270,86.34
4271,85.07
4272,84.99
4273,81.12
4274,86.64
4275,78.27
4276,112.99
4277,198.93
4278,145.87
4279,132.81
4280,121.74
4281,128.68
4282,146.62
4283,111.56
4284,111.5
4285,109.64
4286,209.38
4287,159.32
4288,118.25
4289,119.19
4290,115.13
4291,204.07
4292,165.01
4293,178.95
4294,170.89
4295,132.82
4296,138.76
4297,137.7
4298,190.64
4299,184.58
4300,171.52
4301,182.46
4302,304.4
4303,379.33
4304,340.27
4305,326.21
4306,369.15
4307,290.06
4308,307.97
4309,364.88
4310,307.79
4311,281.7
4312,308.61
4313,325.52
4314,279.42
4315,252.33
4316,230.24
4317,211.15
4318,196.06
4319,197.97
4320,184.88
4321,211.79
4322,183.7
4323,164.61
4324,144.82
4325,167.43
4326,154.34
4327,152.25
4328,142.16
4329,193.07
4330,176.97
4331,146.88
4332,170.79
4333,155.7
4334,135.61
4335,127.52
4336,113.43
4337,107.34
4338,129.23
4339,125.12
4340,158
4341,117.89
4342,105.28
4343,106.67
4344,108.55
4345,147.44
4346,126.33
4347,128.22
4348,120.1
4349,112.99
4350,133.88
4351,115.77
4352,108.65
4353,104.54
4354,109.43
4355,95.92
4356,87.11
4357,83.69
4358,79.28
4359,73.77
4360,73.26
4361,71.04
4362,70.53
4363,81.82
4364,84.71
4365,79.29
4366,121.08
4367,134.97
4368,102.63
4369,86.68
4370,102.84
4371,93.69
4372,83.45
4373,73.3
4374,68.86
4375,66.01
4376,64.27
4377,61.82
4378,58.78
4379,58.44
4380,56.09
4381,55.75
4382,52.2
4383,50.66
4384,49.51
4385,48.07
4386,46.62
4387,45.38
4388,45.54
4389,50.19
4390,46.75
4391,43.5
4392,42.16
4393,41.21
4394,40.57
4395,39.72
4396,38.08
4397,37.43
4398,37.29
4399,36.48
4400,35.46
4401,34.85
4402,34.13
4403,33.72
4404,33.3
4405,32.79
4406,32.07
4407,31.76
4408,31.54
4409,31.13
4410,31.12
4411,30.5
4412,29.99
4413,29.87
4414,29.36
4415,28.74
4416,28.33
4417,28.01
4418,28.1
4419,28.19
4420,30.77
4421,27.66
4422,27.24
4423,27.53
4424,27.21
4425,27.1
4426,26.98
4427,26.67
4428,26.45
4429,26.04
4430,25.93
4431,25.83
4432,25.92
4433,26.72
4434,25.61
4435,25.21
4436,25.1
4437,25.1
4438,24.99
4439,24.89
4440,24.98
4441,22.98
4442,21.87
4443,21.77
4444,21.46
4445,21.26
4446,21.15
4447,22.25
4448,22.64
4449,21.44
4450,21.53
4451,21.13
4452,21.42
4453,21.42
4454,21.21
4455,21.11
4456,21.7
4457,20.9
4458,20.19
4459,19.87
4460,19.26
4461,20.54
4462,26.73
4463,25.51
4464,22.89
4465,25.28
4466,24.96
4467,22.34
4468,22.63
4469,26.01
4470,24.7
4471,25.18
4472,25.16
4473,25.55
4474,25.13
4475,28.72
4476,33.5
4477,36.58
4478,47.07
4479,39.95
4480,36.24
4481,51.62
4482,57.8
4483,46.89
4484,40.67
4485,48.65
4486,38.84
4487,37.22
4488,43.31
4489,44.59
4490,47.58
4491,60.37
4492,61.75
4493,53.64
4494,69.53
4495,62.72
4496,57.01
4497,61.4
4498,64.18
4499,59.67
4500,70.36
4501,60.75
4502,52.24
4503,49.43
4504,68.41
4505,77.7
4506,61.39
4507,60.28
4508,58.47
4509,74.56
4510,100.64
4511,114.33
4512,129.32
4513,116.31
4514,99.3
4515,120.29
4516,108.27
4517,115.26
4518,110.25
4519,119.24
4520,117.21
4521,92.49
4522,92.26
4523,122.14
4524,116.11
4525,102.79
4526,100.36
4527,92.63
4528,97.71
4529,91.28
4530,84.26
4531,73.33
4532,91.61
4533,77.48
4534,82.05
4535,81.13
4536,84
4537,80.68
4538,75.15
4539,70.73
4540,74
4541,72.27
4542,65.95
4543,65.62
4544,62.5
4545,57.37
4546,54.55
4547,54.92
4548,59.29
4549,67.77
4550,58.14
4551,68.74
4552,78.74
4553,81.05
4554,63.15
4555,58.85
4556,60.35
4557,65.15
4558,60.15
4559,58.25
4560,78.25
4561,76.35
4562,67.35
4563,61.65
4564,75.35
4565,77.15
4566,74.25
4567,62.65
4568,58.55
4569,60.65
4570,69.36
4571,77.06
4572,82.76
4573,79.96
4574,77.56
4575,71.46
4576,68.26
4577,64.36
4578,60.16
4579,76.06
4580,71.96
4581,61.2
4582,64.84
4583,68.58
4584,57.02
4585,55.46
4586,61.99
4587,80.13
4588,74.37
4589,60.81
4590,57.45
4591,53.29
4592,54.63
4593,68.87
4594,74.91
4595,69.25
4596,58.68
4597,57.62
4598,57.16
4599,61.8
4600,58.14
4601,59.68
4602,61.82
4603,76.26
4604,99
4605,94.33
4606,101.87
4607,109.51
4608,98.75
4609,113.59
4610,129.63
4611,162.67
4612,138.68
4613,163.69
4614,129.7
4615,120.71
4616,103.32
4617,93.73
4618,133.74
4619,113.75
4620,118.76
4621,111.77
4622,108.78
4623,100.39
4624,88.4
4625,100.61
4626,112.82
4627,95.13
4628,82.24
4629,103.05
4630,142.86
4631,146.87
4632,155.88
4633,120.89
4634,121.9
4635,158.91
4636,160.92
4637,133.93
4638,117.94
4639,102.35
4640,105.97
4641,104.98
4642,112.99
4643,118.07
4644,101.56
4645,93.64
4646,96.93
4647,89.81
4648,124.5
4649,98.78
4650,104.66
4651,123.75
4652,112.83
4653,98.92
4654,120
4655,108.09
4656,123.17
4657,112.26
4658,105.24
4659,91.13
4660,83.51
4661,96.2
4662,105.68
4663,104.67
4664,120.85
4665,122.94
4666,114.02
4667,98.41
4668,97.39
4669,86.98
4670,87.56
4671,133.45
4672,126.53
4673,136.43
4674,376.34
4675,270.24
4676,208.14
4677,162.04
4678,237.94
4679,204.84
4680,324.74
4681,248.64
4682,259.54
4683,200.44
4684,191.34
4685,179.24
4686,203.14
4687,175.04
4688,200.94
4689,181.85
4690,169.75
4691,153.65
4692,142.55
4693,133.45
4694,161.35
4695,187.25
4696,157.15
4697,140.05
4698,125.95
4699,120.85
4700,119.75
4701,117.65
4702,113.55
4703,122.45
4704,107.41
4705,130.36
4706,112.31
4707,100.76
4708,107.21
4709,140.16
4710,134.11
4711,122.06
4712,118.01
4713,106.96
4714,120.91
4715,100.36
4716,91.31
4717,83.16
4718,77.71
4719,81.16
4720,85.81
4721,89.17
4722,87.72
4723,89.07
4724,83.62
4725,78.87
4726,75.92
4727,70.27
4728,66.72
4729,64.67
4730,63.72
4731,61.27
4732,63.22
4733,62.17
4734,68.55
4735,71.44
4736,67.72
4737,58.5
4738,55.68
4739,58.16
4740,57.24
4741,52.13
4742,52.81
4743,59.89
4744,53.07
4745,48.65
4746,47.34
4747,46.72
4748,44.7
4749,44.98
4750,43.16
4751,42.64
4752,44.03
4753,42.21
4754,39.19
4755,38.07
4756,37.05
4757,36.34
4758,35.62
4759,34.5
4760,33.98
4761,33.36
4762,33.04
4763,34.13
4764,39.21
4765,37.8
4766,39.19
4767,34.48
4768,31.97
4769,30.97
4770,29.96
4771,28.95
4772,29.64
4773,34.13
4774,40.23
4775,35.72
4776,30.41
4777,28.8
4778,27.79
4779,27.18
4780,25.78
4781,25.47
4782,24.86
4783,24.85
4784,27.14
4785,26.83
4786,24.43
4787,23.32
4788,22.71
4789,22.6
4790,21.69
4791,21.79
4792,21.18
4793,21.17
4794,22.56
4795,20.75
4796,21.95
4797,22.75
4798,20.05
4799,18.84
4800,18.84
4801,18.84
4802,18.74
4803,18.83
4804,18.63
4805,22.13
4806,22.53
4807,19.02
4808,17.92
4809,31.82
4810,34.82
4811,23.61
4812,21.21
4813,19.51
4814,19.41
4815,19.3
4816,18.2
4817,17.9
4818,17.2
4819,17.49
4820,18.99
4821,16.89
4822,16.99
4823,17.18
4824,17.89
4825,17.5
4826,16.41
4827,15.21
4828,15.22
4829,16.53
4830,18.94
4831,15.74
4832,14.65
4833,15.06
4834,14.17
4835,13.57
4836,14.58
4837,15.49
4838,15.8
4839,15.7
4840,19.81
4841,31.82
4842,25.33
4843,30.53
4844,26.44
4845,21.85
4846,18.26
4847,17.36
4848,16.97
4849,17.58
4850,17.29
4851,16.79
4852,16.2
4853,17.81
4854,21.42
4855,17.26
4856,22.4
4857,28.04
4858,45.68
4859,73.32
4860,62.36
4861,50.2
4862,41.94
4863,35.18
4864,40.62
4865,40.76
4866,32.9
4867,34.74
4868,79.98
4869,77.32
4870,91.36
4871,81.3
4872,65.74
4873,54.18
4874,61.42
4875,53.76
4876,45.2
4877,39.55
4878,42.69
4879,57.23
4880,87.57
4881,84.41
4882,68.85
4883,60.59
4884,55.73
4885,63.44
4886,55.35
4887,54.47
4888,63.68
4889,72.59
4890,91.31
4891,112.62
4892,121.63
4893,119.65
4894,99.76
4895,84.77
4896,83.79
4897,113.7
4898,124.71
4899,133.73
4900,128.74
4901,115.75
4902,105.77
4903,95.08
4904,95.89
4905,105.81
4906,118.82
4907,107.83
4908,86.65
4909,83.36
4910,112.87
4911,107.89
4912,87.2
4913,83.21
4914,101.43
4915,116.94
4916,92.43
4917,95.22
4918,88.71
4919,119.9
4920,97.7
4921,91.59
4922,86.88
4923,85.57
4924,109.86
4925,106.85
4926,88.84
4927,82.23
4928,124.82
4929,126.82
4930,143.81
4931,116.8
4932,105.79
4933,99.68
4934,110.77
4935,114.76
4936,101.95
4937,90.74
4938,84.14
4939,77.23
4940,93.32
4941,106.71
4942,78.1
4943,72.79
4944,68.78
4945,67.47
4946,63.31
4947,75.54
4948,86.47
4949,94.5
4950,70.24
4951,95.27
4952,113.9
4953,82.44
4954,75.57
4955,72.7
4956,67.43
4957,65.77
4958,95.5
4959,78.63
4960,68.36
4961,65.9
4962,79.03
4963,110.26
4964,89.49
4965,90.53
4966,77.86
4967,68.89
4968,69.23
4969,114.46
4970,112.49
4971,103.52
4972,104.06
4973,148.69
4974,122.02
4975,106.85
4976,119.69
4977,159.73
4978,151.77
4979,124.82
4980,113.86
4981,119.9
4982,141.95
4983,154.99
4984,163.03
4985,155.08
4986,134.12
4987,121.17
4988,161.21
4989,159.25
4990,133.3
4991,121.34
4992,140.38
4993,127.43
4994,129.47
4995,132.51
4996,127.56
4997,127.6
4998,142.64
4999,126.69
5000,120.73
5001,119.77
5002,139.82
5003,146.86
5004,125.91
5005,123.95
5006,127.99
5007,117.04
5008,167.04
5009,176.05
5010,234.06
5011,193.06
5012,157.07
5013,155.08
5014,169.08
5015,139.09
5016,125.1
5017,136.1
5018,133.11
5019,120.12
5020,164.12
5021,194.13
5022,195.14
5023,200.14
5024,185.15
5025,168.16
5026,160.16
5027,154.17
5028,167.18
5029,149.18
5030,139.19
5031,134.2
5032,133.2
5033,132.21
5034,136.22
5035,143.22
5036,121.23
5037,130.24
5038,197.19
5039,145.14
5040,139.09
5041,145.04
5042,193
5043,175.95
5044,172.9
5045,152.85
5046,141.8
5047,146.76
5048,174.71
5049,161.66
5050,153.61
5051,135.57
5052,132.52
5053,164.47
5054,189.42
5055,148.37
5056,136.33
5057,146.28
5058,130.23
5059,122.18
5060,121.13
5061,144.09
5062,160.04
5063,158.99
5064,142.94
5065,131.89
5066,150.85
5067,140.8
5068,122.75
5069,111.68
5070,105.62
5071,109.55
5072,125.49
5073,97.52
5074,89.55
5075,84.19
5076,81.02
5077,90.45
5078,92.29
5079,86.22
5080,94.25
5081,84.89
5082,77.62
5083,74.05
5084,72.29
5085,68.72
5086,69.25
5087,66.49
5088,62.92
5089,61.16
5090,61.19
5091,58.92
5092,66.36
5093,62.09
5094,53.22
5095,51.96
5096,49.99
5097,61.72
5098,63.56
5099,53.24
5100,48.83
5101,47.72
5102,46.11
5103,44.59
5104,42.28
5105,41.77
5106,40.56
5107,38.94
5108,38.23
5109,39.82
5110,41.31
5111,36.09
5112,35.08
5113,34.57
5114,35.16
5115,38.44
5116,44.93
5117,40.12
5118,36.51
5119,41.69
5120,49.28
5121,51.17
5122,46.86
5123,41.24
5124,41.93
5125,37.92
5126,38.61
5127,34.79
5128,32.98
5129,31.37
5130,31.26
5131,29.85
5132,29.04
5133,28.23
5134,26.82
5135,28.91
5136,29.31
5137,25.4
5138,24.59
5139,24.18
5140,23.57
5141,23.36
5142,22.65
5143,22.04
5144,21.93
5145,21.52
5146,21.02
5147,20.81
5148,20.8
5149,24.19
5150,20.68
5151,20.17
5152,19.16
5153,18.65
5154,19.24
5155,18.03
5156,17.63
5157,17.32
5158,17.91
5159,17.1
5160,19.09
5161,17.39
5162,17.29
5163,16.2
5164,15.7
5165,15.4
5166,15.11
5167,14.01
5168,15.01
5169,15.01
5170,14.02
5171,13.52
5172,13.52
5173,24.92
5174,34.33
5175,20.43
5176,16.33
5177,15.54
5178,14.74
5179,17.04
5180,19.54
5181,19.35
5182,15.85
5183,15.45
5184,14.85
5185,14.86
5186,13.76
5187,13.76
5188,12.57
5189,13.47
5190,15.07
5191,18.87
5192,12.48
5193,12.08
5194,11.78
5195,11.59
5196,11.29
5197,12.49
5198,16.89
5199,12.4
5200,11.4
5201,11
5202,10.91
5203,10.71
5204,10.61
5205,10.21
5206,10.02
5207,9.92
5208,10.02
5209,11.13
5210,11.03
5211,11.53
5212,14.83
5213,11.74
5214,10.44
5215,10.44
5216,18.64
5217,16.75
5218,25.35
5219,20.55
5220,23.94
5221,17.42
5222,26.7
5223,24.18
5224,16.97
5225,44.15
5226,38.03
5227,46.81
5228,36.7
5229,49.28
5230,57.06
5231,44.44
5232,55.93
5233,41.21
5234,40.79
5235,45.77
5236,81.16
5237,71.84
5238,81.12
5239,79.4
5240,127.39
5241,140.47
5242,166.75
5243,149.63
5244,148.22
5245,204.2
5246,149.48
5247,157.46
5248,140.75
5249,161.73
5250,131.73
5251,110.73
5252,103.73
5253,104.74
5254,116.74
5255,112.74
5256,93.94
5257,97.64
5258,114.74
5259,104.75
5260,91.85
5261,89.65
5262,109.75
5263,134.75
5264,130.75
5265,139.76
5266,153.76
5267,136.76
5268,117.76
5269,119.76
5270,115.76
5271,141.77
5272,158.77
5273,148.77
5274,153.77
5275,126.77
5276,109.77
5277,105.78
5278,122.78
5279,150.78
5280,123.78
5281,118.7
5282,110.62
5283,99.84
5284,108.46
5285,117.38
5286,105.3
5287,96.92
5288,112.14
5289,128.06
5290,105.98
5291,96.5
5292,95.82
5293,87.84
5294,78.26
5295,74.68
5296,96.5
5297,83.62
5298,84.74
5299,78.36
5300,70.88
5301,73.4
5302,70.92
5303,63.44
5304,62.16
5305,61.78
5306,60.2
5307,57.82
5308,61.84
5309,64.06
5310,61.28
5311,52.7
5312,50.02
5313,49.75
5314,46.97
5315,47.49
5316,45.91
5317,45.73
5318,47.26
5319,45.28
5320,43.3
5321,49.62
5322,49.94
5323,42.47
5324,43.29
5325,45.81
5326,41.43
5327,42.05
5328,38.97
5329,44.5
5330,57.12
5331,62.04
5332,43.66
5333,42.58
5334,50.61
5335,62.63
5336,81.65
5337,86.07
5338,101.19
5339,126.02
5340,93.74
5341,77.86
5342,84.18
5343,72.11
5344,69.93
5345,62.86
5346,89.98
5347,99.81
5348,114.93
5349,109.05
5350,102.08
5351,116.3
5352,122.43
5353,131.55
5354,164.67
5355,190.8
5356,150.92
5357,123.05
5358,118.17
5359,134.3
5360,117.42
5361,111.54
5362,104.67
5363,132.79
5364,130.92
5365,138.04
5366,111.16
5367,126.29
5368,178.41
5369,158.54
5370,188.66
5371,189.79
5372,172.91
5373,154.03
5374,176.14
5375,213.26
5376,253.38
5377,239.49
5378,218.61
5379,199.72
5380,212.84
5381,201.96
5382,212.07
5383,213.19
5384,185.31
5385,184.42
5386,182.54
5387,179.65
5388,164.77
5389,148.89
5390,145
5391,144.12
5392,136.24
5393,161.35
5394,220.47
5395,266.59
5396,167.7
5397,159.82
5398,137.93
5399,169.05
5400,209.17
5401,184.28
5402,164.5
5403,157.51
5404,169.31
5405,210.82
5406,196.83
5407,204.73
5408,199.64
5409,164.85
5410,149.95
5411,143.86
5412,147.77
5413,153.57
5414,163.38
5415,151.49
5416,152.29
5417,170.1
5418,243.31
5419,216.42
5420,198.52
5421,172.63
5422,151.74
5423,142.64
5424,130.75
5425,187.66
5426,172.16
5427,251.37
5428,256.28
5429,206.58
5430,171.79
5431,155.9
5432,138
5433,125.71
5434,125.78
5435,120.55
5436,144.42
5437,128.98
5438,117.75
5439,116.62
5440,105.69
5441,98.86
5442,94.83
5443,110.5
5444,96.07
5445,89.83
5446,85.6
5447,82.37
5448,79.74
5449,78.91
5450,87.28
5451,97.85
5452,83.11
5453,80.68
5454,66.95
5455,69.52
5456,68.59
5457,68.06
5458,83.43
5459,77.5
5460,73.76
5461,78.73
5462,106.2
5463,84.97
5464,79.34
5465,80.71
5466,74.07
5467,69.94
5468,67.51
5469,65.58
5470,63.95
5471,61.91
5472,60.38
5473,58.95
5474,57.82
5475,56.99
5476,55.85
5477,54.52
5478,53.59
5479,52.96
5480,52.03
5481,51.2
5482,50.36
5483,49.63
5484,48.9
5485,48.67
5486,47.94
5487,47.3
5488,47.07
5489,46.34
5490,45.71
5491,45.08
5492,44.64
5493,45.11
5494,44.38
5495,55.67
5496,52.37
5497,42.26
5498,40.76
5499,40.15
5500,40.75
5501,41.54
5502,42.23
5503,41.83
5504,40.72
5505,40.22
5506,39.51
5507,40.6
5508,41.4
5509,40.59
5510,40.59
5511,40.48
5512,40.58
5513,40.27
5514,38.16
5515,41.76
5516,44.75
5517,53.25
5518,50.54
5519,60.63
5520,67.03
5521,57.82
5522,49.92
5523,46.31
5524,44.71
5525,43.6
5526,44.09
5527,42.38
5528,41.87
5529,41.96
5530,41.55
5531,41.64
5532,40.93
5533,41.22
5534,40.11
5535,39.7
5536,39.79
5537,40.18
5538,41.97
5539,40.36
5540,40.35
5541,34.44
5542,34.23
5543,34.12
5544,33.81
5545,33.7
5546,33.69
5547,33.58
5548,33.37
5549,33.76
5550,33.65
5551,33.54
5552,33.53
5553,34.42
5554,35.51
5555,36.1
5556,34.19
5557,34.49
5558,40.58
5559,37.27
5560,39.26
5561,45.75
5562,38.74
5563,39.04
5564,36.23
5565,34.12
5566,33.71
5567,37.2
5568,36.49
5569,35.59
5570,47.38
5571,38.97
5572,36.46
5573,35.05
5574,34.94
5575,33.94
5576,33.33
5577,33.02
5578,32.81
5579,32.8
5580,37.89
5581,16.99
5582,14.78
5583,13.97
5584,15.16
5585,15.18
5586,19.79
5587,18.01
5588,39.73
5589,33.35
5590,42.86
5591,35.88
5592,34.9
5593,34.82
5594,45.13
5595,33.65
5596,34.97
5597,35.99
5598,40.9
5599,52.32
5600,50.24
5601,47.85
5602,45.27
5603,45.49
5604,48.51
5605,49.12
5606,61.84
5607,56.76
5608,65.68
5609,45.09
5610,43.11
5611,39.43
5612,33.55
5613,30.86
5614,31.38
5615,38.8
5616,42.41
5617,43.03
5618,49.15
5619,59.76
5620,63.58
5621,51
5622,38.81
5623,38.13
5624,39.64
5625,38.36
5626,50.08
5627,43.19
5628,51.31
5629,62.03
5630,59.34
5631,74.76
5632,50.58
5633,84.29
5634,94.21
5635,68.93
5636,61.34
5637,59.46
5638,72.47
5639,66.39
5640,124.81
5641,123.82
5642,95.04
5643,77.76
5644,70.27
5645,62.69
5646,61.17
5647,54.65
5648,47.43
5649,43.2
5650,43.68
5651,45.06
5652,46.54
5653,39.22
5654,36
5655,32.88
5656,31.06
5657,31.83
5658,34.61
5659,40.49
5660,32.87
5661,28.65
5662,26.93
5663,26.51
5664,27.18
5665,31.16
5666,28.34
5667,35.42
5668,50.8
5669,53.88
5670,57.36
5671,71.54
5672,58.61
5673,58.29
5674,58.07
5675,66.25
5676,53.63
5677,47.91
5678,48.7
5679,61.38
5680,75.06
5681,59.24
5682,54.53
5683,53.41
5684,46.59
5685,42.97
5686,40.35
5687,38.24
5688,39.22
5689,56.7
5690,64.08
5691,54.77
5692,57.75
5693,52.03
5694,44.11
5695,40.7
5696,38.28
5697,41.26
5698,49.14
5699,78.52
5700,78.31
5701,73.79
5702,98.37
5703,72.35
5704,64.64
5705,57.92
5706,54.1
5707,51.25
5708,48.59
5709,43.84
5710,44.48
5711,45.48
5712,47.06
5713,44.69
5714,46.76
5715,43.64
5716,44.86
5717,45.19
5718,44.1
5719,42.22
5720,70.08
5721,63.01
5722,57.72
5723,53.89
5724,56.75
5725,76
5726,83.86
5727,75.02
5728,65.11
5729,58.4
5730,58.44
5731,57.78
5732,70.98
5733,89.16
5734,86.72
5735,72.9
5736,68.68
5737,59.12
5738,57.41
5739,60.32
5740,59.67
5741,64.01
5742,68.7
5743,82.28
5744,80.21
5745,82.05
5746,111.28
5747,104.23
5748,126.35
5749,102.23
5750,113.32
5751,97.39
5752,129.81
5753,113.52
5754,101.14
5755,95.16
5756,83.49
5757,77.52
5758,70.83
5759,95.78
5760,154.88
5761,106.23
5762,89.23
5763,85.03
5764,97.89
5765,103.65
5766,121.14
5767,143.61
5768,142.22
5769,137.62
5770,94.04
5771,109.51
5772,131.07
5773,121.65
5774,120.6
5775,117.03
5776,139.26
5777,162.51
5778,143.36
5779,102.76
5780,95.61
5781,93.28
5782,99.63
5783,99.8
5784,81.65
5785,78.19
5786,77
5787,82.93
5788,108.18
5789,210.76
5790,153.79
5791,138.81
5792,121.84
5793,142.87
5794,139.9
5795,135.93
5796,123.96
5797,126.99
5798,183.02
5799,224.9
5800,326.79
5801,259.67
5802,187.55
5803,188.43
5804,194.32
5805,166.2
5806,150.08
5807,134.97
5808,118.85
5809,111.73
5810,114.62
5811,104.5
5812,93.58
5813,86.17
5814,78.35
5815,74.53
5816,73.91
5817,67.9
5818,63.98
5819,62.16
5820,60.25
5821,75.63
5822,64.21
5823,50.75
5824,49.86
5825,48.44
5826,55.64
5827,64.14
5828,54.22
5829,50.95
5830,50.64
5831,50.03
5832,50.78
5833,51.31
5834,47.26
5835,46.57
5836,48.2
5837,48.2
5838,44.49
5839,43.32
5840,42.77
5841,43.05
5842,43.35
5843,42.49
5844,41.72
