$Flow file for segment 151,,
,,
JDAY,QWD,
1.04,199.83,
1.1,360.76,
1.2,271.03,
1.3,265.52,
1.4,206.6,
1.5,200.65,
1.6,200.17,
1.7,200.2,
1.8,199.81,
1.9,202.03,
2,201.2,
2.1,200.68,
2.2,202.82,
2.3,203.23,
2.4,201.37,
2.5,200.7,
2.6,200.94,
2.7,200.63,
2.8,201.35,
2.9,199.38,
3,192.44,
3.1,193.91,
3.2,195.38,
3.3,195.2,
3.4,195.33,
3.5,194.91,
3.6,195.47,
3.7,194.4,
3.8,186.4,
3.9,186.92,
4,186.08,
4.1,184.89,
4.2,187.44,
4.3,188.3,
4.4,180.46,
4.5,183.12,
4.6,187.55,
4.7,187.39,
4.8,184.32,
4.9,185.27,
5,187.71,
5.1,190.86,
5.2,192.82,
5.3,191.36,
5.4,190.4,
5.5,189.41,
5.6,188.43,
5.7,184.9,
5.8,184.03,
5.9,183.42,
6,183.55,
6.1,180.76,
6.2,182.44,
6.3,182.37,
6.4,182.79,
6.5,182.47,
6.6,180.87,
6.7,176.32,
6.8,176.23,
6.9,176.14,
7,174.76,
7.1,169.09,
7.2,171.29,
7.3,172.11,
7.4,171.47,
7.5,173.15,
7.6,169.24,
7.7,165.97,
7.8,166.46,
7.9,166.2,
8,166.3,
8.1,162.55,
8.2,160.71,
8.3,160.2,
8.4,155.43,
8.5,159.35,
8.6,158.42,
8.7,158.57,
8.8,159.2,
8.9,161.79,
9,159.27,
9.1,169.05,
9.2,162.31,
9.3,162.03,
9.4,165.83,
9.5,144.59,
9.6,152.58,
9.7,161.46,
9.8,164.25,
9.9,167.34,
10,164.68,
10.1,166.88,
10.2,171.83,
10.3,165.98,
10.4,161.98,
10.5,161.05,
10.6,160.31,
10.7,160.27,
10.8,161.04,
10.9,160.63,
11,161.61,
11.1,165.44,
11.2,163.54,
11.3,163.43,
11.4,164.18,
11.5,163.76,
11.6,164,
11.7,163.6,
11.8,163.25,
11.9,162.93,
12,162.55,
12.1,163.31,
12.2,159.38,
12.3,163.85,
12.4,163.07,
12.5,165.47,
12.6,161.41,
12.7,161.95,
12.8,163.67,
12.9,161.89,
13,160.69,
13.1,160.83,
13.2,162.7,
13.3,162.34,
13.4,163.17,
13.5,162.31,
13.6,162.92,
13.7,159.6,
13.8,160.53,
13.9,160.67,
14,158.73,
14.1,155.47,
14.2,154.54,
14.3,154.62,
14.4,154.62,
14.5,156.09,
14.6,156.06,
14.7,155.48,
14.8,152.51,
14.9,153.63,
15,161.29,
15.1,147.49,
15.2,154.01,
15.3,157.21,
15.4,155.08,
15.5,155.63,
15.6,157.44,
15.7,158.91,
15.8,159.7,
15.9,163.93,
16,173.47,
16.1,171.92,
16.2,172.21,
16.3,171.6,
16.4,171.69,
16.5,170.48,
16.6,160.98,
16.7,168.16,
16.8,171.22,
16.9,162.54,
17,169.48,
17.1,161.38,
17.2,164.63,
17.3,168.45,
17.4,175.04,
17.5,174.5,
17.6,177.02,
17.7,179.41,
17.8,179.78,
17.9,176.84,
18,175.52,
18.1,176.93,
18.2,175.87,
18.3,171.87,
18.4,169.31,
18.5,166.42,
18.6,163.42,
18.7,164.22,
18.8,165.51,
18.9,163.51,
19,163.64,
19.1,165.67,
19.2,164.84,
19.3,163.89,
19.4,163.02,
19.5,161.66,
19.6,161.81,
19.7,161.02,
19.8,160.51,
19.9,157.92,
20,158.64,
20.1,156.95,
20.2,155.11,
20.3,153.84,
20.4,153.68,
20.5,152.59,
20.6,157.51,
20.7,161.03,
20.8,160.46,
20.9,159.85,
21,159.26,
21.1,158.29,
21.2,159.36,
21.3,158.31,
21.4,158.52,
21.5,157.6,
21.6,158.83,
21.7,158.38,
21.8,159.06,
21.9,159.67,
22,158.1,
22.1,158.2,
22.2,156.88,
22.3,158.04,
22.4,157.96,
22.5,156.34,
22.6,156.17,
22.7,157.34,
22.8,156.07,
22.9,157.12,
23,156.46,
23.1,159.6,
23.2,163.67,
23.3,162.24,
23.4,162.85,
23.5,162.34,
23.6,160.68,
23.7,154.39,
23.8,153.97,
23.9,154.59,
24,154.05,
24.1,153.92,
24.2,152.74,
24.3,153.35,
24.4,152.15,
24.5,153.25,
24.6,152.49,
24.7,151.71,
24.8,153.19,
24.9,153.31,
25,152.43,
25.1,152.46,
25.2,150.61,
25.3,152.49,
25.4,152.26,
25.5,151.74,
25.6,151.75,
25.7,152.55,
25.8,152.76,
25.9,152.57,
26,153.18,
26.1,152.68,
26.2,152.82,
26.3,153.45,
26.4,153.45,
26.5,151.37,
26.6,153.93,
26.7,153.97,
26.8,153.03,
26.9,155.48,
27,152.27,
27.1,153.01,
27.2,153.11,
27.3,152.96,
27.4,153.5,
27.5,154.13,
27.6,154.38,
27.7,154.95,
27.8,153.84,
27.9,151.64,
28,149.57,
28.1,149.87,
28.2,149.13,
28.3,149.69,
28.4,149.64,
28.5,149.01,
28.6,148.78,
28.7,147.13,
28.8,148.74,
28.9,149.33,
29,147.74,
29.1,147.45,
29.2,150.04,
29.3,148.91,
29.4,148.4,
29.5,148.48,
29.6,148.16,
29.7,147.07,
29.8,148.54,
29.9,144.66,
30,142.27,
30.1,137.93,
30.2,138.32,
30.3,136.89,
30.4,137.91,
30.5,137.36,
30.6,138.73,
30.7,137.14,
30.8,137.6,
30.9,137.98,
31,136.8,
31.1,133.19,
31.2,134,
31.3,134.18,
31.4,134.9,
31.5,134.72,
31.6,134.92,
31.7,134.85,
31.8,133.44,
31.9,133.83,
32,132.04,
32.1,119.49,
32.2,121.77,
32.3,120.99,
32.4,117.38,
32.5,119.51,
32.6,115.4,
32.7,114.7,
32.8,120.54,
32.9,120.47,
33,117.24,
33.1,126.66,
33.2,160.56,
33.3,202.32,
33.4,217.83,
33.5,245.65,
33.6,273.16,
33.7,286.32,
33.8,289.27,
33.9,292.96,
34,299.62,
34.1,353.61,
34.2,351.99,
34.3,346.68,
34.4,338.14,
34.5,327.82,
34.6,312.56,
34.7,299.19,
34.8,285.66,
34.9,277.72,
35,271.54,
35.1,251.11,
35.2,245.31,
35.3,246.63,
35.4,246.59,
35.5,242.49,
35.6,242.91,
35.7,252.25,
35.8,252.01,
35.9,244.41,
36,242.09,
36.1,236.53,
36.2,238.77,
36.3,237.57,
36.4,235.92,
36.5,235.85,
36.6,234.75,
36.7,234.12,
36.8,233.26,
36.9,233.65,
37,235.18,
37.1,234.88,
37.2,234,
37.3,246.04,
37.4,247.87,
37.5,247.27,
37.6,245.78,
37.7,243.52,
37.8,242.15,
37.9,242.37,
38,242.62,
38.1,247.59,
38.2,250.52,
38.3,251.43,
38.4,250.46,
38.5,251.42,
38.6,252.6,
38.7,251.98,
38.8,252.21,
38.9,251.51,
39,252.49,
39.1,251.26,
39.2,254.89,
39.3,254.72,
39.4,257.1,
39.5,256.48,
39.6,256.72,
39.7,258.26,
39.8,257.81,
39.9,256.83,
40,256.96,
40.1,264.77,
40.2,266.9,
40.3,271.08,
40.4,271.22,
40.5,274.83,
40.6,274.76,
40.7,275.95,
40.8,275.18,
40.9,273.59,
41,272.71,
41.1,275.14,
41.2,276.06,
41.3,274.6,
41.4,272.94,
41.5,270.97,
41.6,268.5,
41.7,267.61,
41.8,263.3,
41.9,261.89,
42,260.39,
42.1,258.77,
42.2,259.14,
42.3,259.34,
42.4,258.69,
42.5,258.56,
42.6,258.54,
42.7,257.26,
42.8,257.75,
42.9,260.52,
43,259.21,
43.1,258.59,
43.2,258.75,
43.3,257.56,
43.4,255.29,
43.5,255.44,
43.6,254.83,
43.7,253.57,
43.8,254.02,
43.9,253.62,
44,253.71,
44.1,252.29,
44.2,253.22,
44.3,253.94,
44.4,254.37,
44.5,253.55,
44.6,252.62,
44.7,252.67,
44.8,251.93,
44.9,252.48,
45,251.39,
45.1,251.47,
45.2,251.56,
45.3,250.8,
45.4,250.24,
45.5,250.32,
45.6,250.28,
45.7,249.52,
45.8,249.85,
45.9,249.84,
46,247.43,
46.1,250.36,
46.2,253.85,
46.3,255.52,
46.4,257.88,
46.5,258.64,
46.6,261.77,
46.7,263,
46.8,263,
46.9,259.17,
47,257.92,
47.1,258.87,
47.2,261.3,
47.3,262.67,
47.4,264.22,
47.5,266.56,
47.6,264.61,
47.7,263.09,
47.8,259.65,
47.9,259.03,
48,258.57,
48.1,257.38,
48.2,257.8,
48.3,256.91,
48.4,257.84,
48.5,258.54,
48.6,256.42,
48.7,255.24,
48.8,254.05,
48.9,253.17,
49,252.29,
49.1,252.49,
49.2,251.97,
49.3,251.5,
49.4,250.72,
49.5,250.01,
49.6,248.16,
49.7,250.22,
49.8,254.16,
49.9,256.08,
50,252.4,
50.1,243.27,
50.2,244.53,
50.3,242.5,
50.4,241.43,
50.5,240.46,
50.6,239.02,
50.7,236.21,
50.8,233.3,
50.9,224.68,
51,224.54,
51.1,224.3,
51.2,223,
51.3,223.63,
51.4,223.78,
51.5,222.94,
51.6,222.13,
51.7,222.82,
51.8,221.35,
51.9,221.84,
52,215.81,
52.1,205.99,
52.2,206.59,
52.3,206.1,
52.4,206.71,
52.5,208.24,
52.6,207.39,
52.7,208.26,
52.8,207.14,
52.9,207.49,
53,208.24,
53.1,207.78,
53.2,205.25,
53.3,206.63,
53.4,205.44,
53.5,210.95,
53.6,218.7,
53.7,229.79,
53.8,238.63,
53.9,241.67,
54,245.33,
54.1,273.92,
54.2,279.07,
54.3,277.71,
54.4,278.18,
54.5,277.72,
54.6,285.86,
54.7,292.84,
54.8,290.49,
54.9,294.17,
55,298.5,
55.1,304,
55.2,298.06,
55.3,295.85,
55.4,291.33,
55.5,288.31,
55.6,283.38,
55.7,278.75,
55.8,275.83,
55.9,283.94,
56,282.3,
56.1,272.74,
56.2,271.04,
56.3,268.1,
56.4,264.77,
56.5,264.36,
56.6,260.29,
56.7,256.06,
56.8,254.45,
56.9,255.8,
57,254.72,
57.1,246.54,
57.2,247.28,
57.3,248.25,
57.4,248.57,
57.5,249.17,
57.6,247.87,
57.7,246.55,
57.8,247.11,
57.9,247.26,
58,248.94,
58.1,256.6,
58.2,260.47,
58.3,265.04,
58.4,265.08,
58.5,263.5,
58.6,264.22,
58.7,267.39,
58.8,268.17,
58.9,274.87,
59,287.82,
59.1,308.43,
59.2,305.39,
59.3,301.46,
59.4,298.07,
59.5,295.27,
59.6,288.87,
59.7,289.59,
59.8,288.49,
59.9,297.31,
60,296.97,
60.1,295.1,
60.2,294.62,
60.3,294.38,
60.4,288.97,
60.5,286.28,
60.6,285.27,
60.7,283.41,
60.8,283.37,
60.9,283.12,
61,288.54,
61.1,284.29,
61.2,285.59,
61.3,283.43,
61.4,283.78,
61.5,282.84,
61.6,284.21,
61.7,282.03,
61.8,281.96,
61.9,282.13,
62,290.04,
62.1,289.21,
62.2,291.07,
62.3,288.73,
62.4,289.59,
62.5,289.68,
62.6,288.82,
62.7,290.18,
62.8,286.5,
62.9,290.67,
63,290.55,
63.1,288.41,
63.2,288.4,
63.3,288,
63.4,291.76,
63.5,291.36,
63.6,291.5,
63.7,290.8,
63.8,289.55,
63.9,291.1,
64,292.66,
64.1,294.48,
64.2,291.05,
64.3,292.77,
64.4,291.11,
64.5,292.24,
64.6,292.14,
64.7,302.02,
64.8,304.93,
64.9,310.14,
65,312.2,
65.1,320.17,
65.2,318,
65.3,324.34,
65.4,327.78,
65.5,332.06,
65.6,334.42,
65.7,341.76,
65.8,346.93,
65.9,344.59,
66,343.43,
66.1,348.05,
66.2,345,
66.3,344.99,
66.4,345.45,
66.5,346.76,
66.6,348.27,
66.7,353.58,
66.8,355.7,
66.9,355.19,
67,358.1,
67.1,360.35,
67.2,359.17,
67.3,359.23,
67.4,361.19,
67.5,362.13,
67.6,375.37,
67.7,368.3,
67.8,366.32,
67.9,363.21,
68,361.83,
68.1,363.01,
68.2,362.06,
68.3,362.13,
68.4,362.41,
68.5,364.7,
68.6,360.85,
68.7,359.98,
68.8,361.35,
68.9,369.23,
69,379.38,
69.1,379.23,
69.2,381.26,
69.3,378.9,
69.4,375.83,
69.5,375.86,
69.6,379.38,
69.7,367.38,
69.8,356.35,
69.9,360,
70,363.59,
70.1,358.13,
70.2,362.27,
70.3,361.86,
70.4,362.18,
70.5,360.24,
70.6,361.83,
70.7,355.52,
70.8,353.37,
70.9,352.78,
71,351.48,
71.1,360.17,
71.2,357.25,
71.3,357.34,
71.4,358.41,
71.5,354.44,
71.6,362.78,
71.7,364.23,
71.8,365.56,
71.9,360.86,
72,361.04,
72.1,363.25,
72.2,369.32,
72.3,368.56,
72.4,367.42,
72.5,365.55,
72.6,364.77,
72.7,355.84,
72.8,351.09,
72.9,340.6,
73,336.49,
73.1,324.44,
73.2,324.65,
73.3,327.41,
73.4,326.17,
73.5,320.09,
73.6,304.1,
73.7,268.71,
73.8,263.15,
73.9,298.45,
74,348.38,
74.1,353.79,
74.2,333.05,
74.3,331.7,
74.4,348.05,
74.5,345.66,
74.6,364.19,
74.7,374.85,
74.8,372.37,
74.9,378.55,
75,371.67,
75.1,377.37,
75.2,380.13,
75.3,379.18,
75.4,377.94,
75.5,374.47,
75.6,375.13,
75.7,374.01,
75.8,373.4,
75.9,371.39,
76,370.37,
76.1,365.01,
76.2,365.32,
76.3,364.86,
76.4,364.59,
76.5,363.35,
76.6,362.1,
76.7,360.3,
76.8,363.82,
76.9,366.31,
77,360.44,
77.1,369.58,
77.2,376.69,
77.3,378.12,
77.4,377.46,
77.5,382.62,
77.6,378.55,
77.7,375.62,
77.8,375.4,
77.9,373.46,
78,371.47,
78.1,371.12,
78.2,368.12,
78.3,371.17,
78.4,371.07,
78.5,370.3,
78.6,370.51,
78.7,369.2,
78.8,368.79,
78.9,361.84,
79,364.85,
79.1,376.14,
79.2,369.58,
79.3,367.14,
79.4,368.76,
79.5,361.6,
79.6,370.01,
79.7,369.9,
79.8,360,
79.9,355.48,
80,357.49,
80.1,355.93,
80.2,356.57,
80.3,355.28,
80.4,355.54,
80.5,352.68,
80.6,352.45,
80.7,351.88,
80.8,352.36,
80.9,351.81,
81,349.75,
81.1,350.06,
81.2,349.07,
81.3,348.41,
81.4,351.25,
81.5,348.06,
81.6,348.69,
81.7,347.36,
81.8,348.39,
81.9,346.99,
82,345.9,
82.1,342.33,
82.2,341.55,
82.3,340.99,
82.4,340.29,
82.5,341.03,
82.6,340.6,
82.7,337.24,
82.8,338.48,
82.9,339.33,
83,339.24,
83.1,332.51,
83.2,333.31,
83.3,335.93,
83.4,330.24,
83.5,339.34,
83.6,343.1,
83.7,347.84,
83.8,354.71,
83.9,357.45,
84,359.44,
84.1,362.97,
84.2,360.54,
84.3,361.38,
84.4,360.85,
84.5,360.35,
84.6,360.07,
84.7,358.73,
84.8,368.3,
84.9,383.53,
85,379.35,
85.1,372.85,
85.2,364.53,
85.3,368.16,
85.4,367.67,
85.5,368.88,
85.6,368.95,
85.7,371.33,
85.8,364.97,
85.9,373.17,
86,374.62,
86.1,376.71,
86.2,376.19,
86.3,377.08,
86.4,376.94,
86.5,377.21,
86.6,376.83,
86.7,375.5,
86.8,377.67,
86.9,377.41,
87,377.12,
87.1,374.32,
87.2,375.89,
87.3,375,
87.4,378.46,
87.5,376.65,
87.6,375.34,
87.7,377.08,
87.8,379.44,
87.9,377.04,
88,375.71,
88.1,375.13,
88.2,372.77,
88.3,378.43,
88.4,378.04,
88.5,374.96,
88.6,384.62,
88.7,378.06,
88.8,376.34,
88.9,376.6,
89,375.43,
89.1,380.5,
89.2,381.57,
89.3,382.68,
89.4,385.94,
89.5,384.85,
89.6,384.78,
89.7,386.01,
89.8,386.32,
89.9,388.82,
90,385.86,
90.1,386.03,
90.2,388.26,
90.3,390.29,
90.4,389.21,
90.5,390.87,
90.6,392.41,
90.7,392.11,
90.8,391.53,
90.9,392.68,
91,391.04,
91.1,393.63,
91.2,395.49,
91.3,394.77,
91.4,394.15,
91.5,395.12,
91.6,395.24,
91.7,400.46,
91.8,401.15,
91.9,397.13,
92,390.76,
92.1,391.29,
92.2,394.82,
92.3,393.98,
92.4,393.46,
92.5,393.62,
92.6,392.89,
92.7,394.48,
92.8,395.33,
92.9,394.72,
93,393.31,
93.1,333.68,
93.2,331.03,
93.3,330.2,
93.4,331.21,
93.5,330.37,
93.6,327.57,
93.7,328,
93.8,326.36,
93.9,327.13,
94,327.01,
94.1,387.86,
94.2,392.72,
94.3,390.9,
94.4,393.38,
94.5,393.04,
94.6,391.74,
94.7,389.36,
94.8,392.7,
94.9,392.67,
95,392.56,
95.1,388.23,
95.2,385.72,
95.3,387.51,
95.4,388.91,
95.5,385.61,
95.6,385.33,
95.7,388.43,
95.8,395.91,
95.9,411.46,
96,412.01,
96.1,411.2,
96.2,408.44,
96.3,405.89,
96.4,408.91,
96.5,413.35,
96.6,412.61,
96.7,425.17,
96.8,426.03,
96.9,435.81,
97,431.01,
97.1,434.39,
97.2,431.14,
97.3,434.13,
97.4,435.69,
97.5,445.15,
97.6,445.73,
97.7,456.31,
97.8,452.65,
97.9,448.4,
98,450.86,
98.1,457.6,
98.2,458.59,
98.3,462.03,
98.4,463.13,
98.5,476.46,
98.6,481.45,
98.7,492.43,
98.8,483.73,
98.9,480.58,
99,482.1,
99.1,488.06,
99.2,492.82,
99.3,491.93,
99.4,494.36,
99.5,493.15,
99.6,489.92,
99.7,490.03,
99.8,490.77,
99.9,488.68,
100,489.25,
100.1,492.87,
100.2,493.35,
100.3,494.83,
100.4,494.43,
100.5,490.6,
100.6,488.24,
100.7,488.91,
100.8,489.08,
100.9,492.82,
101,489.14,
101.1,488.06,
101.2,488.06,
101.3,487.52,
101.4,485.78,
101.5,482.73,
101.6,484.13,
101.7,482.55,
101.8,487.36,
101.9,483.31,
102,483.23,
102.1,482.55,
102.2,480.22,
102.3,482.18,
102.4,482.13,
102.5,480.55,
102.6,482.55,
102.7,482.03,
102.8,481.78,
102.9,482.66,
103,484.92,
103.1,487.49,
103.2,489.08,
103.3,490.38,
103.4,491.54,
103.5,492.88,
103.6,498.09,
103.7,500.72,
103.8,499.78,
103.9,498.16,
104,500.24,
104.1,505.2,
104.2,504.09,
104.3,508.64,
104.4,511.56,
104.5,512.96,
104.6,518.6,
104.7,533.64,
104.8,533.91,
104.9,532.69,
105,538.68,
105.1,542.57,
105.2,547.55,
105.3,560.66,
105.4,568.55,
105.5,578.4,
105.6,591.4,
105.7,625.87,
105.8,667.24,
105.9,680.39,
106,683.94,
106.1,661.99,
106.2,671.47,
106.3,671.31,
106.4,672.93,
106.5,674.34,
106.6,683.87,
106.7,690.11,
106.8,689.36,
106.9,697.26,
107,700.94,
107.1,702.03,
107.2,709.09,
107.3,715.21,
107.4,719.82,
107.5,731.16,
107.6,734.45,
107.7,731.77,
107.8,751.02,
107.9,756.2,
108,762.93,
108.1,772.85,
108.2,786.92,
108.3,786.38,
108.4,790.82,
108.5,802.7,
108.6,802.21,
108.7,804.28,
108.8,810.87,
108.9,806.06,
109,810.85,
109.1,815.69,
109.2,817.61,
109.3,819.34,
109.4,818.01,
109.5,822.73,
109.6,823.9,
109.7,820,
109.8,821.97,
109.9,828.84,
110,829.08,
110.1,831.96,
110.2,832.1,
110.3,836.34,
110.4,836.92,
110.5,834,
110.6,842.23,
110.7,837.76,
110.8,846.89,
110.9,842.63,
111,842.66,
111.1,846.39,
111.2,847.07,
111.3,845.69,
111.4,844.34,
111.5,848.12,
111.6,847.34,
111.7,852.47,
111.8,850.94,
111.9,846.75,
112,847.36,
112.1,853.01,
112.2,851.14,
112.3,851.74,
112.4,853.66,
112.5,850.47,
112.6,853.31,
112.7,849.43,
112.8,852.23,
112.9,856.5,
113,854.79,
113.1,865.23,
113.2,861.99,
113.3,858.66,
113.4,861.93,
113.5,853.03,
113.6,861.87,
113.7,867.84,
113.8,864.54,
113.9,869,
114,860.46,
114.1,859.04,
114.2,862.05,
114.3,857.15,
114.4,862.1,
114.5,862.04,
114.6,861.89,
114.7,863.23,
114.8,863.41,
114.9,858.9,
115,861.49,
115.1,867.12,
115.2,866.87,
115.3,866.83,
115.4,868.49,
115.5,862.52,
115.6,864.73,
115.7,866.34,
115.8,857.43,
115.9,861.16,
116,852.45,
116.1,862.99,
116.2,862.72,
116.3,853.13,
116.4,853.07,
116.5,852.45,
116.6,848.2,
116.7,845.69,
116.8,847.8,
116.9,847.11,
117,845.49,
117.1,851.36,
117.2,851.26,
117.3,847.34,
117.4,842.13,
117.5,837.26,
117.6,828.05,
117.7,829.54,
117.8,828.53,
117.9,819.68,
118,820.66,
118.1,825.19,
118.2,824.86,
118.3,812.57,
118.4,810.24,
118.5,809.26,
118.6,805.84,
118.7,800.8,
118.8,797.49,
118.9,795.38,
119,795.35,
119.1,789.64,
119.2,789.88,
119.3,784.44,
119.4,780.33,
119.5,778.08,
119.6,774.59,
119.7,769.5,
119.8,767.63,
119.9,762.62,
120,758.84,
120.1,757.96,
120.2,752.39,
120.3,748.97,
120.4,749.26,
120.5,743.81,
120.6,743,
120.7,743.02,
120.8,743.44,
120.9,729.97,
121,724.98,
121.1,733.84,
121.2,736.22,
121.3,731.22,
121.4,729.82,
121.5,723.27,
121.6,726.11,
121.7,717.84,
121.8,713.49,
121.9,715.44,
122,708.33,
122.1,712.22,
122.2,708.93,
122.3,710.39,
122.4,706.26,
122.5,704.39,
122.6,703.33,
122.7,702.33,
122.8,700.2,
122.9,698.73,
123,689.59,
123.1,691.12,
123.2,687.2,
123.3,686.96,
123.4,682.89,
123.5,682.35,
123.6,684.94,
123.7,687.46,
123.8,683.25,
123.9,679.77,
124,677.64,
124.1,669.43,
124.2,663.45,
124.3,667.22,
124.4,667.01,
124.5,664.45,
124.6,667.81,
124.7,663.01,
124.8,674.06,
124.9,676.11,
125,668.28,
125.1,665.55,
125.2,664.34,
125.3,662.93,
125.4,663.71,
125.5,667.18,
125.6,661.99,
125.7,668.58,
125.8,662.93,
125.9,662.49,
126,663.99,
126.1,667.96,
126.2,668.13,
126.3,668.56,
126.4,669.21,
126.5,663.08,
126.6,661.57,
126.7,670.1,
126.8,662.16,
126.9,669.67,
127,665.2,
127.1,668.95,
127.2,667.05,
127.3,664.01,
127.4,665.55,
127.5,661.03,
127.6,666.75,
127.7,665.01,
127.8,662.95,
127.9,659.36,
128,660.68,
128.1,662.29,
128.2,659.94,
128.3,657.94,
128.4,652.79,
128.5,655.17,
128.6,650.16,
128.7,649.73,
128.8,656.94,
128.9,652.38,
129,648.72,
129.1,653.77,
129.2,647.82,
129.3,650.6,
129.4,648.68,
129.5,637.13,
129.6,637.53,
129.7,640.35,
129.8,633.31,
129.9,634.98,
130,630.78,
130.1,633.48,
130.2,628.54,
130.3,628.52,
130.4,627.16,
130.5,628.45,
130.6,624.92,
130.7,620.6,
130.8,613.3,
130.9,621.22,
131,621.56,
131.1,618.39,
131.2,612.45,
131.3,607.85,
131.4,604.95,
131.5,607.98,
131.6,600.88,
131.7,601.9,
131.8,603.39,
131.9,600.07,
132,596.78,
132.1,600.04,
132.2,599.72,
132.3,595.76,
132.4,594.74,
132.5,599.2,
132.6,595.28,
132.7,597.19,
132.8,595.47,
132.9,592.99,
133,590.44,
133.1,585.4,
133.2,586.86,
133.3,586.61,
133.4,588.8,
133.5,588.05,
133.6,587.86,
133.7,589,
133.8,586.93,
133.9,588.59,
134,589.71,
134.1,586.45,
134.2,586.42,
134.3,583.66,
134.4,582.28,
134.5,577.17,
134.6,572.49,
134.7,571.08,
134.8,572.28,
134.9,566.29,
135,567.7,
135.1,570.45,
135.2,568.53,
135.3,567.79,
135.4,564.31,
135.5,560.47,
135.6,559.96,
135.7,559.05,
135.8,549.52,
135.9,552.39,
136,550.77,
136.1,546.53,
136.2,546.63,
136.3,543.55,
136.4,542.35,
136.5,539.13,
136.6,527.41,
136.7,529.78,
136.8,531.38,
136.9,535.33,
137,530.39,
137.1,529.85,
137.2,528.58,
137.3,526.09,
137.4,524.75,
137.5,523.21,
137.6,516.05,
137.7,514.91,
137.8,516.67,
137.9,514.59,
138,513.23,
138.1,510.22,
138.2,509.32,
138.3,508.51,
138.4,507.22,
138.5,511,
138.6,510.17,
138.7,504.68,
138.8,504.7,
138.9,505.74,
139,488.38,
139.1,426.11,
139.2,417.25,
139.3,420.88,
139.4,421.34,
139.5,421.55,
139.6,413.92,
139.7,414.84,
139.8,416.3,
139.9,417.75,
140,427.78,
140.1,495.57,
140.2,495.24,
140.3,493.67,
140.4,493.81,
140.5,496.08,
140.6,495.34,
140.7,497.69,
140.8,498.38,
140.9,499.46,
141,499.09,
141.1,495.72,
141.2,495.81,
141.3,500.46,
141.4,497.02,
141.5,498.43,
141.6,496.21,
141.7,500.79,
141.8,503.36,
141.9,502.46,
142,498.75,
142.1,501.53,
142.2,501.91,
142.3,501.47,
142.4,502.77,
142.5,503.75,
142.6,503.58,
142.7,500.25,
142.8,503.34,
142.9,503.16,
143,503.72,
143.1,498.67,
143.2,498.37,
143.3,499.54,
143.4,500.42,
143.5,499.44,
143.6,498.52,
143.7,498.04,
143.8,501.54,
143.9,499.68,
144,493.87,
144.1,487.67,
144.2,489.46,
144.3,492.85,
144.4,496.53,
144.5,492.75,
144.6,487.49,
144.7,492.2,
144.8,488.41,
144.9,490.85,
145,487.91,
145.1,494.48,
145.2,493.34,
145.3,496.83,
145.4,497.89,
145.5,493.61,
145.6,493.69,
145.7,495.25,
145.8,496.29,
145.9,487.71,
146,490.27,
146.1,493.67,
146.2,495.86,
146.3,496.41,
146.4,495.87,
146.5,487.69,
146.6,480.73,
146.7,483.28,
146.8,486.17,
146.9,479.08,
147,479.88,
147.1,490.92,
147.2,494.85,
147.3,493.66,
147.4,494.33,
147.5,492.31,
147.6,479.82,
147.7,436.53,
147.8,437.92,
147.9,443.63,
148,448.77,
148.1,441.7,
148.2,436.34,
148.3,437.37,
148.4,433.94,
148.5,435.65,
148.6,438.11,
148.7,435.82,
148.8,440.13,
148.9,438.05,
149,437.32,
149.1,436.84,
149.2,435.66,
149.3,434.86,
149.4,432.93,
149.5,433.91,
149.6,433.97,
149.7,434.82,
149.8,434.08,
149.9,436.13,
150,429.75,
150.1,431.45,
150.2,432.86,
150.3,431.66,
150.4,431.62,
150.5,432.2,
150.6,430.21,
150.7,434.33,
150.8,433.81,
150.9,428.85,
151,428.99,
151.1,431.16,
151.2,435.02,
151.3,437.76,
151.4,434.41,
151.5,433.84,
151.6,414.3,
151.7,410.21,
151.8,415.03,
151.9,416.63,
152,416.97,
152.1,417.52,
152.2,419.4,
152.3,419.94,
152.4,418.02,
152.5,419.51,
152.6,416.67,
152.7,415.68,
152.8,407.62,
152.9,388.86,
153,390.54,
153.1,383.14,
153.2,383.74,
153.3,384,
153.4,383.63,
153.5,381.32,
153.6,384.67,
153.7,382.15,
153.8,381.55,
153.9,381.95,
154,381.21,
154.1,381.21,
154.2,379.23,
154.3,378.96,
154.4,379.23,
154.5,379.41,
154.6,379.1,
154.7,380.04,
154.8,384.98,
154.9,387.14,
155,385.6,
155.1,388.62,
155.2,390.98,
155.3,390.65,
155.4,389.81,
155.5,389.14,
155.6,387.14,
155.7,388.23,
155.8,387.58,
155.9,387,
156,372.88,
156.1,373.12,
156.2,377.34,
156.3,376.15,
156.4,376.83,
156.5,376.34,
156.6,375.59,
156.7,365.44,
156.8,362.48,
156.9,357.85,
157,353.65,
157.1,351.6,
157.2,355.97,
157.3,354.48,
157.4,353.82,
157.5,354.03,
157.6,358.32,
157.7,338.25,
157.8,318.59,
157.9,326.24,
158,320.45,
158.1,311.61,
158.2,308.05,
158.3,308.95,
158.4,308.56,
158.5,311,
158.6,312.14,
158.7,313.52,
158.8,312.9,
158.9,310.2,
159,310.84,
159.1,310.54,
159.2,316.98,
159.3,317.13,
159.4,316.63,
159.5,316.11,
159.6,318.33,
159.7,317.36,
159.8,316.57,
159.9,294.91,
160,286.06,
160.1,267.13,
160.2,262.64,
160.3,262.62,
160.4,264.31,
160.5,264.37,
160.6,264.4,
160.7,264.71,
160.8,264.9,
160.9,264.89,
161,267.31,
161.1,260.46,
161.2,259.19,
161.3,260.17,
161.4,261.47,
161.5,260.62,
161.6,260.35,
161.7,260.43,
161.8,260.81,
161.9,261.36,
162,260.48,
162.1,265.92,
162.2,264.37,
162.3,264.48,
162.4,264.37,
162.5,265.68,
162.6,265.81,
162.7,263.39,
162.8,266.24,
162.9,265.55,
163,264.84,
163.1,257.03,
163.2,256.73,
163.3,255.25,
163.4,255.91,
163.5,256.73,
163.6,256.52,
163.7,255.17,
163.8,257.81,
163.9,255.47,
164,255.42,
164.1,254.62,
164.2,255.15,
164.3,255.53,
164.4,254.95,
164.5,250.44,
164.6,256.68,
164.7,255.73,
164.8,253.2,
164.9,262.09,
165,256.89,
165.1,252.19,
165.2,244.7,
165.3,242.67,
165.4,241.52,
165.5,241.65,
165.6,241.51,
165.7,245.58,
165.8,275.73,
165.9,285.48,
166,287.96,
166.1,304,
166.2,308.03,
166.3,310.74,
166.4,311.22,
166.5,307.38,
166.6,305.96,
166.7,309.15,
166.8,302.95,
166.9,309.72,
167,295.4,
167.1,289.35,
167.2,289.03,
167.3,287.04,
167.4,286.67,
167.5,285.9,
167.6,287.19,
167.7,286.24,
167.8,289.3,
167.9,282.76,
168,276.73,
168.1,264.77,
168.2,264.48,
168.3,264.41,
168.4,264.8,
168.5,264.67,
168.6,264.02,
168.7,265.25,
168.8,266.67,
168.9,265.86,
169,265.31,
169.1,268.25,
169.2,268.85,
169.3,268.45,
169.4,269.76,
169.5,269.42,
169.6,268.9,
169.7,268.68,
169.8,268.02,
169.9,268.6,
170,267.35,
170.1,269.19,
170.2,264.65,
170.3,266.67,
170.4,266.93,
170.5,265.97,
170.6,265.87,
170.7,264,
170.8,268.5,
170.9,267.53,
171,265.68,
171.1,268.04,
171.2,271.63,
171.3,271.45,
171.4,272.36,
171.5,273.2,
171.6,271.1,
171.7,270.46,
171.8,276.05,
171.9,274.17,
172,251.38,
172.1,244.95,
172.2,249.72,
172.3,249.81,
172.4,250.08,
172.5,251.78,
172.6,250.89,
172.7,247.62,
172.8,240.41,
172.9,232.13,
173,228.33,
173.1,220.26,
173.2,218.51,
173.3,217.66,
173.4,216.95,
173.5,215.37,
173.6,217.46,
173.7,217.02,
173.8,216.53,
173.9,217.37,
174,216.7,
174.1,209.76,
174.2,208.84,
174.3,215.24,
174.4,214.88,
174.5,214.46,
174.6,210.28,
174.7,205.7,
174.8,203.42,
174.9,202.42,
175,195.12,
175.1,179.76,
175.2,180.08,
175.3,181.69,
175.4,181.44,
175.5,181.6,
175.6,180.66,
175.7,177.89,
175.8,179.65,
175.9,179.96,
176,171.03,
176.1,165.73,
176.2,163.79,
176.3,162.68,
176.4,161.83,
176.5,160.86,
176.6,162.57,
176.7,164.27,
176.8,160.92,
176.9,163.06,
177,163.13,
177.1,158.46,
177.2,157.18,
177.3,156.15,
177.4,156.83,
177.5,156.69,
177.6,156.85,
177.7,157.51,
177.8,156.12,
177.9,156.69,
178,156.38,
178.1,160.12,
178.2,163.93,
178.3,165.52,
178.4,166.87,
178.5,165.75,
178.6,164.64,
178.7,164.15,
178.8,151.71,
178.9,145.84,
179,145.16,
179.1,148.54,
179.2,147.43,
179.3,145.31,
179.4,145.43,
179.5,145.34,
179.6,144.63,
179.7,145.22,
179.8,144.96,
179.9,144.88,
180,145.01,
180.1,144.52,
180.2,141.19,
180.3,140.95,
180.4,141.42,
180.5,140.59,
180.6,140.45,
180.7,139.3,
180.8,144.14,
180.9,145.92,
181,146.37,
181.1,146.24,
181.2,144.47,
181.3,142.49,
181.4,142.4,
181.5,142.48,
181.6,142.52,
181.7,142.92,
181.8,143.43,
181.9,142.75,
182,143.11,
182.1,145.68,
182.2,150.03,
182.3,152.12,
182.4,152.22,
182.5,152.52,
182.6,152.09,
182.7,146.92,
182.8,133.69,
182.9,127.37,
183,126.5,
183.1,120.07,
183.2,117.99,
183.3,117.81,
183.4,116.62,
183.5,115.7,
183.6,116.4,
183.7,116.72,
183.8,115.92,
183.9,115.73,
184,117.47,
184.1,114.83,
184.2,114.14,
184.3,112.69,
184.4,113.36,
184.5,111.63,
184.6,112.88,
184.7,111.89,
184.8,113.01,
184.9,112.3,
185,112.43,
185.1,108.77,
185.2,110.57,
185.3,118.83,
185.4,123.1,
185.5,123.29,
185.6,123.12,
185.7,124.82,
185.8,123.31,
185.9,123.3,
186,123.14,
186.1,126.89,
186.2,129.7,
186.3,130.36,
186.4,130.19,
186.5,129.3,
186.6,129.41,
186.7,129.6,
186.8,129.43,
186.9,129.96,
187,129.19,
187.1,129.86,
187.2,128.77,
187.3,129,
187.4,128.92,
187.5,128.95,
187.6,128.76,
187.7,128.63,
187.8,129.12,
187.9,129.03,
188,129.04,
188.1,127.77,
188.2,126.83,
188.3,127.03,
188.4,126.46,
188.5,126.13,
188.6,126.85,
188.7,127.08,
188.8,126.91,
188.9,127.11,
189,126.7,
189.1,129.82,
189.2,134.86,
189.3,138.74,
189.4,140.16,
189.5,138.24,
189.6,137.39,
189.7,127.37,
189.8,116.48,
189.9,114.08,
190,112.85,
190.1,105.72,
190.2,102.01,
190.3,100.53,
190.4,100.55,
190.5,99.84,
190.6,99.79,
190.7,99.4,
190.8,99.12,
190.9,100,
191,99.93,
191.1,100.16,
191.2,100.32,
191.3,100.34,
191.4,100.01,
191.5,99.91,
191.6,99.83,
191.7,99.43,
191.8,98.73,
191.9,101.71,
192,99.2,
192.1,99.49,
192.2,98.92,
192.3,98.68,
192.4,99.06,
192.5,99.9,
192.6,99.21,
192.7,99.08,
192.8,99,
192.9,98.8,
193,98.59,
193.1,98.3,
193.2,97.54,
193.3,97.39,
193.4,97.45,
193.5,98.34,
193.6,97.72,
193.7,96.99,
193.8,97.93,
193.9,97.64,
194,97.28,
194.1,98.27,
194.2,101.23,
194.3,102.68,
194.4,103.14,
194.5,103.47,
194.6,102.84,
194.7,102.77,
194.8,101.72,
194.9,102.82,
195,100.95,
195.1,93.73,
195.2,89.04,
195.3,85.75,
195.4,86.12,
195.5,85.69,
195.6,85.86,
195.7,85.44,
195.8,84.69,
195.9,87.17,
196,87.64,
196.1,85.56,
196.2,87.47,
196.3,88.25,
196.4,88.09,
196.5,87.53,
196.6,87.46,
196.7,87.27,
196.8,87.79,
196.9,87.14,
197,85.96,
197.1,78.91,
197.2,76.77,
197.3,76.93,
197.4,77.08,
197.5,76.27,
197.6,76.41,
197.7,75.95,
197.8,76.57,
197.9,76.34,
198,76.19,
198.1,77.33,
198.2,77.04,
198.3,76.7,
198.4,79.08,
198.5,76.76,
198.6,77.4,
198.7,76.85,
198.8,76.41,
198.9,76.77,
199,76.3,
199.1,74.79,
199.2,74.3,
199.3,72.85,
199.4,72.81,
199.5,72.83,
199.6,72.9,
199.7,73.13,
199.8,74.02,
199.9,73.9,
200,74.86,
200.1,72.43,
200.2,72.95,
200.3,72.49,
200.4,72.33,
200.5,71.83,
200.6,71.81,
200.7,71.75,
200.8,71.84,
200.9,72.56,
201,73.16,
201.1,72.14,
201.2,74.08,
201.3,74.41,
201.4,74.35,
201.5,74.39,
201.6,73.6,
201.7,74.78,
201.8,71.31,
201.9,67.19,
202,65.99,
202.1,64.69,
202.2,63.86,
202.3,62.67,
202.4,62.66,
202.5,62.65,
202.6,62.82,
202.7,62.46,
202.8,62.58,
202.9,62.55,
203,62.98,
203.1,64.24,
203.2,65.74,
203.3,66.2,
203.4,66.42,
203.5,66.72,
203.6,66.42,
203.7,66.23,
203.8,66.48,
203.9,66.17,
204,63.98,
204.1,60.25,
204.2,56.07,
204.3,54.56,
204.4,54.79,
204.5,54.69,
204.6,54.16,
204.7,53.66,
204.8,52.7,
204.9,54.63,
205,54.77,
205.1,53.6,
205.2,51.86,
205.3,53.12,
205.4,52.26,
205.5,51.29,
205.6,52.01,
205.7,53,
205.8,52.48,
205.9,52.17,
206,52.67,
206.1,50.62,
206.2,48.29,
206.3,44.23,
206.4,41.84,
206.5,41.37,
206.6,40.99,
206.7,41.76,
206.8,45.79,
206.9,56.38,
207,60.39,
207.1,60.01,
207.2,60.63,
207.3,62.19,
207.4,61.97,
207.5,61.31,
207.6,61.04,
207.7,60.36,
207.8,57.94,
207.9,61.91,
208,61.54,
208.1,61.04,
208.2,60.53,
208.3,60.77,
208.4,60.34,
208.5,60.81,
208.6,60.61,
208.7,60.17,
208.8,61.36,
208.9,60.12,
209,60.36,
209.1,51.87,
209.2,53.21,
209.3,51.52,
209.4,51.82,
209.5,50.15,
209.6,50.39,
209.7,52.43,
209.8,52.43,
209.9,50.84,
210,50.43,
210.1,48.17,
210.2,52.05,
210.3,53.99,
210.4,54.19,
210.5,53.38,
210.6,52.97,
210.7,53.98,
210.8,50.9,
210.9,43.83,
211,40.47,
211.1,38.17,
211.2,35.13,
211.3,34.93,
211.4,35,
211.5,34.78,
211.6,34.91,
211.7,34.94,
211.8,35.8,
211.9,34.88,
212,35.14,
212.1,42.47,
212.2,41.92,
212.3,41.9,
212.4,42.84,
212.5,42.02,
212.6,41.36,
212.7,41.44,
212.8,41.93,
212.9,41.53,
213,42.29,
213.1,44.15,
213.2,43.11,
213.3,42.96,
213.4,43.04,
213.5,43.12,
213.6,42.81,
213.7,43.48,
213.8,41.85,
213.9,42.82,
214,42.51,
214.1,44.91,
214.2,43.34,
214.3,44.92,
214.4,44.72,
214.5,43.27,
214.6,44.16,
214.7,43.27,
214.8,43.78,
214.9,45.05,
215,44.17,
215.1,44.66,
215.2,44.66,
215.3,44.58,
215.4,44.21,
215.5,43.78,
215.6,44.73,
215.7,44.41,
215.8,44.58,
215.9,44.12,
216,44.09,
216.1,45.19,
216.2,44.67,
216.3,44.61,
216.4,45.19,
216.5,44.67,
216.6,44.76,
216.7,44.65,
216.8,44.83,
216.9,44.37,
217,43.91,
217.1,45.66,
217.2,45.01,
217.3,44.59,
217.4,44.27,
217.5,44.75,
217.6,45.81,
217.7,45.06,
217.8,45.06,
217.9,44.84,
218,45.04,
218.1,45.17,
218.2,45.85,
218.3,45.9,
218.4,45.58,
218.5,45.44,
218.6,45.01,
218.7,46.95,
218.8,46.02,
218.9,46.42,
219,45.44,
219.1,45.28,
219.2,44.97,
219.3,44.47,
219.4,44.61,
219.5,43.39,
219.6,44.02,
219.7,43.13,
219.8,44.24,
219.9,44.98,
220,44.54,
220.1,44.25,
220.2,43.83,
220.3,43.41,
220.4,44.21,
220.5,43.46,
220.6,43.88,
220.7,43.53,
220.8,44.33,
220.9,43.73,
221,43.81,
221.1,44.46,
221.2,44.79,
221.3,44.8,
221.4,44.73,
221.5,44.12,
221.6,44.43,
221.7,44.48,
221.8,44.8,
221.9,44.87,
222,44.57,
222.1,44.67,
222.2,43.36,
222.3,43.08,
222.4,43.26,
222.5,43.14,
222.6,43.96,
222.7,42.86,
222.8,42.62,
222.9,44.03,
223,43.77,
223.1,44.38,
223.2,45.31,
223.3,44.16,
223.4,44.6,
223.5,44.12,
223.6,43.98,
223.7,44.35,
223.8,45.66,
223.9,44.94,
224,43.67,
224.1,41.7,
224.2,45,
224.3,42.64,
224.4,44.03,
224.5,43.5,
224.6,44.63,
224.7,43.16,
224.8,43.24,
224.9,44.01,
225,43.81,
225.1,43.63,
225.2,42.68,
225.3,42.33,
225.4,42.59,
225.5,42.3,
225.6,42.13,
225.7,41.78,
225.8,42.87,
225.9,42.76,
226,42.65,
226.1,44.09,
226.2,44.96,
226.3,44.09,
226.4,44.17,
226.5,43.76,
226.6,44.36,
226.7,44.27,
226.8,43.25,
226.9,44.04,
227,44.42,
227.1,43.87,
227.2,42.27,
227.3,43.13,
227.4,42.77,
227.5,42.31,
227.6,42.62,
227.7,42.18,
227.8,42.7,
227.9,42.67,
228,42.58,
228.1,42.74,
228.2,43.62,
228.3,43.6,
228.4,43.56,
228.5,43.06,
228.6,44.12,
228.7,42.5,
228.8,43.98,
228.9,45.44,
229,43.82,
229.1,44.45,
229.2,45.69,
229.3,45.18,
229.4,45.34,
229.5,45.61,
229.6,45.43,
229.7,45.44,
229.8,45.32,
229.9,44.87,
230,41.89,
230.1,45.94,
230.2,48.51,
230.3,48.59,
230.4,48.97,
230.5,47.95,
230.6,48.95,
230.7,49.18,
230.8,46.95,
230.9,47.16,
231,43.7,
231.1,40.75,
231.2,38.63,
231.3,37.12,
231.4,37.3,
231.5,37.39,
231.6,36.85,
231.7,37.6,
231.8,34.34,
231.9,40.31,
232,36.16,
232.1,33.65,
232.2,33.58,
232.3,32.21,
232.4,32.73,
232.5,31.49,
232.6,31.29,
232.7,34.71,
232.8,33.65,
232.9,33.5,
233,33.24,
233.1,31.16,
233.2,31.48,
233.3,31.12,
233.4,31.83,
233.5,31.49,
233.6,31.56,
233.7,31.51,
233.8,31.97,
233.9,31.39,
234,32.32,
234.1,38.37,
234.2,38.89,
234.3,38.7,
234.4,38.5,
234.5,38.2,
234.6,37.91,
234.7,38.44,
234.8,38.6,
234.9,38.41,
235,38.45,
235.1,40.82,
235.2,40.04,
235.3,40.22,
235.4,40.19,
235.5,39.72,
235.6,39.86,
235.7,39.92,
235.8,40.82,
235.9,39.96,
236,39.98,
236.1,36.03,
236.2,36.87,
236.3,36.95,
236.4,37.59,
236.5,36.48,
236.6,36.89,
236.7,36.43,
236.8,37.47,
236.9,36.75,
237,36.75,
237.1,36.51,
237.2,34.88,
237.3,34.25,
237.4,34.28,
237.5,36.39,
237.6,34.81,
237.7,35.35,
237.8,34.99,
237.9,35.71,
238,35.26,
238.1,35.52,
238.2,34.84,
238.3,34.84,
238.4,35.18,
238.5,34.3,
238.6,33.66,
238.7,34.93,
238.8,35.24,
238.9,35.97,
239,35.17,
239.1,38.87,
239.2,38.19,
239.3,37.67,
239.4,37.83,
239.5,38.66,
239.6,38.55,
239.7,36.69,
239.8,40.09,
239.9,39.84,
240,38.66,
240.1,38.03,
240.2,37.93,
240.3,37.58,
240.4,37.26,
240.5,37.65,
240.6,37.06,
240.7,36.57,
240.8,37.65,
240.9,36.71,
241,37.66,
241.1,36.94,
241.2,37.5,
241.3,37.55,
241.4,37.7,
241.5,37.26,
241.6,37.53,
241.7,37.07,
241.8,37.73,
241.9,37.58,
242,37.48,
242.1,37.77,
242.2,37.62,
242.3,38.17,
242.4,37.66,
242.5,36.61,
242.6,37.91,
242.7,36.67,
242.8,37.54,
242.9,37.9,
243,37.79,
243.1,37.9,
243.2,37.78,
243.3,37.29,
243.4,37.53,
243.5,37.37,
243.6,37.22,
243.7,37.37,
243.8,37.43,
243.9,37.28,
244,37.39,
244.1,37.02,
244.2,37.19,
244.3,37.27,
244.4,37.38,
244.5,36.77,
244.6,36.62,
244.7,36.31,
244.8,37.13,
244.9,38.05,
245,37.1,
245.1,34.57,
245.2,38.12,
245.3,37.16,
245.4,36.67,
245.5,36.89,
245.6,36.7,
245.7,36.59,
245.8,36.49,
245.9,36.56,
246,37.21,
246.1,38.5,
246.2,38.35,
246.3,37.93,
246.4,38.06,
246.5,37.24,
246.6,39.2,
246.7,37.82,
246.8,38.96,
246.9,38.36,
247,37.99,
247.1,37.79,
247.2,37.07,
247.3,36.8,
247.4,36.7,
247.5,36.35,
247.6,36.33,
247.7,36.66,
247.8,37.95,
247.9,38.3,
248,38.76,
248.1,39.44,
248.2,39.66,
248.3,38.84,
248.4,39.66,
248.5,39.72,
248.6,40,
248.7,38.97,
248.8,39.85,
248.9,40.02,
249,39.79,
249.1,33.52,
249.2,30.13,
249.3,27.86,
249.4,27.93,
249.5,26.42,
249.6,26.42,
249.7,26.36,
249.8,26.2,
249.9,30.8,
250,40.6,
250.1,41.33,
250.2,43.86,
250.3,44.79,
250.4,44.39,
250.5,44.88,
250.6,44.54,
250.7,44.32,
250.8,44.2,
250.9,45.5,
251,45.12,
251.1,46.96,
251.2,48.16,
251.3,47.98,
251.4,47.75,
251.5,48.51,
251.6,46.86,
251.7,47.97,
251.8,46.23,
251.9,50.33,
252,48.77,
252.1,45.74,
252.2,47.92,
252.3,46.52,
252.4,47.19,
252.5,44.98,
252.6,44.78,
252.7,44.03,
252.8,46.23,
252.9,52.24,
253,50.71,
253.1,48.46,
253.2,49.35,
253.3,48.94,
253.4,48.94,
253.5,46.98,
253.6,45.9,
253.7,49.81,
253.8,50.84,
253.9,50.36,
254,49.06,
254.1,49.04,
254.2,49.64,
254.3,50.35,
254.4,49.97,
254.5,50.19,
254.6,50.35,
254.7,50.3,
254.8,50.38,
254.9,50.14,
255,50.22,
255.1,50.54,
255.2,48.77,
255.3,48.54,
255.4,48.8,
255.5,48.18,
255.6,48.46,
255.7,48.38,
255.8,48.4,
255.9,49.04,
256,49.02,
256.1,46.23,
256.2,44.57,
256.3,54.95,
256.4,55.23,
256.5,54.27,
256.6,54.8,
256.7,54.31,
256.8,55.03,
256.9,56.74,
257,55.03,
257.1,53.8,
257.2,55.43,
257.3,55.16,
257.4,55.44,
257.5,55.36,
257.6,55.15,
257.7,55.44,
257.8,56.16,
257.9,55.57,
258,55.81,
258.1,54.35,
258.2,57.36,
258.3,57.29,
258.4,57.85,
258.5,57.28,
258.6,57.8,
258.7,57.4,
258.8,56.79,
258.9,57.39,
259,57.5,
259.1,56.76,
259.2,55.49,
259.3,55.4,
259.4,55.34,
259.5,56.15,
259.6,54.17,
259.7,56.25,
259.8,56.75,
259.9,55.87,
260,55.66,
260.1,54.77,
260.2,55.97,
260.3,56.22,
260.4,55.57,
260.5,55.75,
260.6,55.41,
260.7,55.49,
260.8,55.11,
260.9,56.06,
261,54.36,
261.1,56.53,
261.2,56.72,
261.3,57.05,
261.4,56.52,
261.5,55.31,
261.6,56.64,
261.7,56.64,
261.8,55,
261.9,57.7,
262,56.01,
262.1,54.08,
262.2,54.38,
262.3,56.84,
262.4,57.52,
262.5,55.74,
262.6,50.36,
262.7,53.96,
262.8,61.84,
262.9,55.04,
263,58.33,
263.1,54.67,
263.2,55.73,
263.3,55.69,
263.4,55.54,
263.5,53.58,
263.6,56.1,
263.7,56.06,
263.8,54.78,
263.9,55.32,
264,55.67,
264.1,56.79,
264.2,56.3,
264.3,55.9,
264.4,56.09,
264.5,56.42,
264.6,56.16,
264.7,56.21,
264.8,56.16,
264.9,56.46,
265,57.02,
265.1,65.55,
265.2,66.86,
265.3,66.76,
265.4,66.97,
265.5,66.82,
265.6,68.51,
265.7,64.24,
265.8,66.47,
265.9,66.62,
266,67.43,
266.1,66.98,
266.2,68.94,
266.3,70.81,
266.4,66.44,
266.5,72.47,
266.6,65.48,
266.7,67.94,
266.8,71.79,
266.9,72.59,
267,72.78,
267.1,69.73,
267.2,69.56,
267.3,69.13,
267.4,69.39,
267.5,68.88,
267.6,69.15,
267.7,69.79,
267.8,69.8,
267.9,69.33,
268,68.85,
268.1,68.76,
268.2,70.07,
268.3,69.81,
268.4,69.75,
268.5,70.3,
268.6,70.24,
268.7,69.77,
268.8,70.12,
268.9,70.24,
269,69.83,
269.1,69.84,
269.2,70.76,
269.3,70.56,
269.4,70.51,
269.5,70.52,
269.6,69.84,
269.7,70.8,
269.8,70.77,
269.9,70.51,
270,70.26,
270.1,70.46,
270.2,69.88,
270.3,69.75,
270.4,69.66,
270.5,70.26,
270.6,69.64,
270.7,69.99,
270.8,69.94,
270.9,69.93,
271,69.8,
271.1,69.21,
271.2,70.33,
271.3,69.55,
271.4,70.22,
271.5,69.99,
271.6,69.78,
271.7,70.32,
271.8,70.3,
271.9,70.18,
272,70.2,
272.1,69.56,
272.2,67.35,
272.3,66.52,
272.4,66.52,
272.5,66.69,
272.6,66.49,
272.7,67.18,
272.8,68.73,
272.9,73.61,
273,74.56,
273.1,77.79,
273.2,77.73,
273.3,79.31,
273.4,79.53,
273.5,78.65,
273.6,79.02,
273.7,81.15,
273.8,78,
273.9,81.86,
274,79.58,
274.1,80.46,
274.2,80.27,
274.3,82.5,
274.4,78,
274.5,79.38,
274.6,78.93,
274.7,78.71,
274.8,78.04,
274.9,86.46,
275,78.2,
275.1,80.93,
275.2,79.33,
275.3,79.61,
275.4,78.96,
275.5,80.23,
275.6,74.51,
275.7,79.52,
275.8,84.64,
275.9,82.05,
276,79.59,
276.1,80.07,
276.2,80.96,
276.3,80.17,
276.4,80.58,
276.5,79.79,
276.6,80.01,
276.7,79.23,
276.8,79.99,
276.9,80.46,
277,80.73,
277.1,82.35,
277.2,81.5,
277.3,81.42,
277.4,81.31,
277.5,81.31,
277.6,81.41,
277.7,80.6,
277.8,81.39,
277.9,81.73,
278,80.92,
278.1,79.54,
278.2,80.63,
278.3,80.74,
278.4,80.65,
278.5,80.86,
278.6,80.63,
278.7,80.18,
278.8,80.45,
278.9,81.35,
279,81.68,
279.1,82.8,
279.2,84.76,
279.3,84.06,
279.4,84.62,
279.5,83.46,
279.6,84.38,
279.7,84.02,
279.8,84.06,
279.9,83.31,
280,83.63,
280.1,84.47,
280.2,82.55,
280.3,82.55,
280.4,82.56,
280.5,82.84,
280.6,82.03,
280.7,82.81,
280.8,82.51,
280.9,83.54,
281,82.6,
281.1,83.62,
281.2,83.56,
281.3,82.85,
281.4,82.93,
281.5,82.95,
281.6,82.7,
281.7,82.97,
281.8,84.61,
281.9,84.12,
282,83.65,
282.1,82.12,
282.2,79.77,
282.3,79.11,
282.4,78.71,
282.5,79.59,
282.6,79.05,
282.7,80.22,
282.8,86.76,
282.9,88.82,
283,90.43,
283.1,86.96,
283.2,88.01,
283.3,88.84,
283.4,88.99,
283.5,88.97,
283.6,88.69,
283.7,88.95,
283.8,87.61,
283.9,89.3,
284,89.15,
284.1,89.24,
284.2,88.57,
284.3,88.85,
284.4,88.9,
284.5,88.62,
284.6,88.98,
284.7,89,
284.8,88.97,
284.9,89.02,
285,88.33,
285.1,87.65,
285.2,88.99,
285.3,88.76,
285.4,88.26,
285.5,88.67,
285.6,88.96,
285.7,88.54,
285.8,89,
285.9,85.87,
286,88.12,
286.1,90.32,
286.2,89.73,
286.3,89.37,
286.4,89.39,
286.5,89.45,
286.6,89.23,
286.7,87.63,
286.8,90.98,
286.9,89.63,
287,88.86,
287.1,88.1,
287.2,88.88,
287.3,91.18,
287.4,88.78,
287.5,90.49,
287.6,89.55,
287.7,86.45,
287.8,95.66,
287.9,90.66,
288,90.01,
288.1,88.37,
288.2,88.61,
288.3,87.82,
288.4,87.93,
288.5,86.84,
288.6,87.08,
288.7,89.17,
288.8,88.73,
288.9,88.27,
289,88.14,
289.1,88.82,
289.2,90.02,
289.3,89.98,
289.4,90.14,
289.5,90.4,
289.6,90.38,
289.7,90.31,
289.8,89.67,
289.9,90.17,
290,90.11,
290.1,90.54,
290.2,90.36,
290.3,90.36,
290.4,90.81,
290.5,90.39,
290.6,90.38,
290.7,90.57,
290.8,90.45,
290.9,90.68,
291,90.14,
291.1,89.11,
291.2,89.45,
291.3,89.4,
291.4,89.7,
291.5,90.02,
291.6,90.3,
291.7,90.3,
291.8,91.54,
291.9,90.75,
292,88.71,
292.1,89.09,
292.2,88.18,
292.3,88.61,
292.4,88.05,
292.5,89.85,
292.6,91.52,
292.7,94.24,
292.8,92.33,
292.9,91.48,
293,91.59,
293.1,90.87,
293.2,89.94,
293.3,90.92,
293.4,89.16,
293.5,88.21,
293.6,90.83,
293.7,92.74,
293.8,90.99,
293.9,92.31,
294,91.41,
294.1,89.67,
294.2,91.06,
294.3,91.29,
294.4,91.41,
294.5,91.83,
294.6,91.52,
294.7,89.78,
294.8,90.55,
294.9,88.68,
295,92.09,
295.1,89.94,
295.2,90.65,
295.3,90.95,
295.4,90.41,
295.5,89.14,
295.6,89.37,
295.7,90.52,
295.8,91.22,
295.9,90.66,
296,90.74,
296.1,92.32,
296.2,98.59,
296.3,99.51,
296.4,99.24,
296.5,100.37,
296.6,98.76,
296.7,97.71,
296.8,97.6,
296.9,96.85,
297,96.47,
297.1,95.73,
297.2,90.28,
297.3,89.99,
297.4,90.22,
297.5,89.87,
297.6,89.92,
297.7,89.1,
297.8,89.48,
297.9,89.57,
298,88.75,
298.1,90.13,
298.2,88.03,
298.3,87.94,
298.4,87.73,
298.5,88.04,
298.6,85.54,
298.7,88.13,
298.8,88.34,
298.9,87.67,
299,87.23,
299.1,90.28,
299.2,90.04,
299.3,90,
299.4,90.57,
299.5,89.3,
299.6,89.48,
299.7,90.7,
299.8,91.16,
299.9,90.59,
300,90.71,
300.1,88.61,
300.2,92.6,
300.3,91.83,
300.4,92.12,
300.5,91.8,
300.6,91.83,
300.7,91.63,
300.8,91.59,
300.9,93,
301,92.83,
301.1,92.53,
301.2,92.65,
301.3,93,
301.4,92.49,
301.5,92.53,
301.6,92.95,
301.7,92.19,
301.8,92.24,
301.9,91.95,
302,92.33,
302.1,93.61,
302.2,92.94,
302.3,93.13,
302.4,91.63,
302.5,90.72,
302.6,92.68,
302.7,93.11,
302.8,93.58,
302.9,93.74,
303,93.57,
303.1,97.14,
303.2,98.82,
303.3,98.31,
303.4,98.22,
303.5,98.23,
303.6,97.95,
303.7,97.7,
303.8,98.04,
