$Spokane wwtp,constituent,file,-,year,2001,,,,,,,,,,,,,,,,,,,,,,,,,,,,,,,,,,,,,,,,,,,,,,,,,,,,
,,,,,,,,,,,,,,,,,,,,,,,,,,,,,,,,,,,,,,,,,,,,,,,,,,,,,,,,,
JDAY,TDS,TRACER,COLFRM,COND,CHLORID,ISS,PO4,NH4,NO3,LDOM,RDOM,LPOM,RPOM,1CBOD,2CBOD,3CBOD,4CBOD,5CBOD,6CBOD,7CBOD,8CBOD,9CBOD,10CBOD,1CBODP,2CBODP,3CBODP,4CBODP,5CBODP,6CBODP,7CBODP,8CBODP,9CBODP,10CBODP,1CBODN,2CBODN,3CBODN,4CBODN,5CBODN,6CBODN,7CBODN,8CBODN,9CBODN,10CBODN,Algae1,Algae2,Algae3,DO,TIC,ALK,LDOMP,RDOMP,LPOMP,RPOMP,LDOMN,RDOMN,LPOMN,RPOMN
1,310,0,30,640,0.61,2,1.1575,0.127,16.68,0,0,0,0,0,0,0,38.98,0,0,0,0,0,0,0,0,0,2.022,0,0,0,0,0,0,0,0,0,0.13,0,0,0,0,0,0,0,0,0,9.4,39.07,108,0,0,0,0,0,0,0,0
2,310,0,30,640,0.56,1,1.3322,0.128,16.88,0,0,0,0,0,0,0,42.22,0,0,0,0,0,0,0,0,0,2.328,0,0,0,0,0,0,0,0,0,0.469,0,0,0,0,0,0,0,0,0,8.6,41.31,113,0,0,0,0,0,0,0,0
3,310,0,13,640,0.64,1,1.1066,0.124,17.08,0,0,0,0,0,0,0,45.47,0,0,0,0,0,0,0,0,0,1.933,0,0,0,0,0,0,0,0,0,0.807,0,0,0,0,0,0,0,0,0,8,42.19,111,0,0,0,0,0,0,0,0
4,310,0,17,640,0.62,2,1.223,0.146,17.28,0,0,0,0,0,0,0,35.73,0,0,0,0,0,0,0,0,0,2.137,0,0,0,0,0,0,0,0,0,1.146,0,0,0,0,0,0,0,0,0,9.9,42.52,109,0,0,0,0,0,0,0,0
5,310,0,13,640,0.56,0.1,1.2886,0.142,17.48,0,0,0,0,0,0,0,42.22,0,0,0,0,0,0,0,0,0,2.251,0,0,0,0,0,0,0,0,0,1.484,0,0,0,0,0,0,0,0,0,9.6,33.53,99,0,0,0,0,0,0,0,0
6,310,0,25.3,640,0.62,0.1,1.223,0.124,17.68,0,0,0,0,0,0,0,38.98,0,0,0,0,0,0,0,0,0,2.137,0,0,0,0,0,0,0,0,0,1.823,0,0,0,0,0,0,0,0,0,8.2,36.25,90,0,0,0,0,0,0,0,0
7,310,0,37.7,640,0.61,0.1,1.1976,0.124,17.88,0,0,0,0,0,0,0,42.22,0,0,0,0,0,0,0,0,0,2.092,0,0,0,0,0,0,0,0,0,2.161,0,0,0,0,0,0,0,0,0,9,39.49,105,0,0,0,0,0,0,0,0
8,310,0,50,640,0.57,0.1,1.2376,0.124,18.08,0,0,0,0,0,0,0,51.97,0,0,0,0,0,0,0,0,0,2.162,0,0,0,0,0,0,0,0,0,2.5,0,0,0,0,0,0,0,0,0,9.1,48.82,118,0,0,0,0,0,0,0,0
9,310,0,23,640,0.58,2,1.2886,0.225,18.061,0,0,0,0,0,0,0,45.47,0,0,0,0,0,0,0,0,0,2.251,0,0,0,0,0,0,0,0,0,2.314,0,0,0,0,0,0,0,0,0,8.4,44.48,99,0,0,0,0,0,0,0,0
10,310,0,17,640,0.59,1,1.2849,0.306,18.043,0,0,0,0,0,0,0,64.96,0,0,0,0,0,0,0,0,0,2.245,0,0,0,0,0,0,0,0,0,2.129,0,0,0,0,0,0,0,0,0,9.2,38.72,92,0,0,0,0,0,0,0,0
11,310,0,80,640,0.46,1,1.2958,0.221,18.024,0,0,0,0,0,0,0,38.98,0,0,0,0,0,0,0,0,0,2.264,0,0,0,0,0,0,0,0,0,1.943,0,0,0,0,0,0,0,0,0,9.2,38.11,91,0,0,0,0,0,0,0,0
12,310,0,17,640,0.6,0.1,1.3068,0.135,18.006,0,0,0,0,0,0,0,42.22,0,0,0,0,0,0,0,0,0,2.283,0,0,0,0,0,0,0,0,0,1.757,0,0,0,0,0,0,0,0,0,9.2,39.03,96,0,0,0,0,0,0,0,0
13,310,0,28,640,0.59,1,1.2813,0.124,17.987,0,0,0,0,0,0,0,29.88,0,0,0,0,0,0,0,0,0,2.239,0,0,0,0,0,0,0,0,0,1.571,0,0,0,0,0,0,0,0,0,8.8,37.23,96,0,0,0,0,0,0,0,0
14,310,0,39,640,0.58,2,1.1539,0.124,17.969,0,0,0,0,0,0,0,38.98,0,0,0,0,0,0,0,0,0,2.016,0,0,0,0,0,0,0,0,0,1.386,0,0,0,0,0,0,0,0,0,8.9,39.76,104,0,0,0,0,0,0,0,0
15,310,0,50,640,0.55,0.1,1.1976,0.124,17.95,0,0,0,0,0,0,0,38.98,0,0,0,0,0,0,0,0,0,2.092,0,0,0,0,0,0,0,0,0,1.2,0,0,0,0,0,0,0,0,0,9.1,41.56,108,0,0,0,0,0,0,0,0
16,310,0,34,640,0.57,0.1,1.2194,0.289,17.546,0,0,0,0,0,0,0,32.48,0,0,0,0,0,0,0,0,0,2.131,0,0,0,0,0,0,0,0,0,1.243,0,0,0,0,0,0,0,0,0,8.8,43.63,111,0,0,0,0,0,0,0,0
17,310,0,4,640,0.56,0.1,1.2485,1.08,17.141,0,0,0,0,0,0,0,45.47,0,0,0,0,0,0,0,0,0,2.181,0,0,0,0,0,0,0,0,0,1.286,0,0,0,0,0,0,0,0,0,9.2,40.55,105,0,0,0,0,0,0,0,0
18,310,0,34,640,0.51,1,1.2558,4.56,16.737,0,0,0,0,0,0,0,61.71,0,0,0,0,0,0,0,0,0,2.194,0,0,0,0,0,0,0,0,0,1.329,0,0,0,0,0,0,0,0,0,9.4,50.54,145,0,0,0,0,0,0,0,0
19,310,0,26,640,0.54,0.1,1.2813,0.1,16.333,0,0,0,0,0,0,0,35.73,0,0,0,0,0,0,0,0,0,2.239,0,0,0,0,0,0,0,0,0,1.371,0,0,0,0,0,0,0,0,0,9.6,39.97,105,0,0,0,0,0,0,0,0
20,310,0,27.3,640,0.52,0.1,1.3177,0.067,15.929,0,0,0,0,0,0,0,35.73,0,0,0,0,0,0,0,0,0,2.302,0,0,0,0,0,0,0,0,0,1.414,0,0,0,0,0,0,0,0,0,9.3,40.34,100,0,0,0,0,0,0,0,0
21,310,0,28.7,640,0.55,1,1.223,0.067,15.524,0,0,0,0,0,0,0,29.23,0,0,0,0,0,0,0,0,0,2.137,0,0,0,0,0,0,0,0,0,1.457,0,0,0,0,0,0,0,0,0,9.5,42.28,109,0,0,0,0,0,0,0,0
22,310,0,30,640,0.56,0.1,1.1138,0.124,15.12,0,0,0,0,0,0,0,32.48,0,0,0,0,0,0,0,0,0,1.946,0,0,0,0,0,0,0,0,0,1.5,0,0,0,0,0,0,0,0,0,10.2,42.11,111,0,0,0,0,0,0,0,0
23,310,0,50,640,0.57,0.1,1.2376,0.071,15.48,0,0,0,0,0,0,0,41.57,0,0,0,0,0,0,0,0,0,2.162,0,0,0,0,0,0,0,0,0,1.571,0,0,0,0,0,0,0,0,0,9.6,41.27,107,0,0,0,0,0,0,0,0
24,310,0,130,640,0.6,2,1.3504,0.064,15.84,0,0,0,0,0,0,0,45.47,0,0,0,0,0,0,0,0,0,2.36,0,0,0,0,0,0,0,0,0,1.643,0,0,0,0,0,0,0,0,0,10.5,41.46,105,0,0,0,0,0,0,0,0
25,310,0,14,640,0.55,0.5,1.2776,0.124,16.2,0,0,0,0,0,0,0,32.48,0,0,0,0,0,0,0,0,0,2.232,0,0,0,0,0,0,0,0,0,1.714,0,0,0,0,0,0,0,0,0,9.5,38.15,101,0,0,0,0,0,0,0,0
26,310,0,4,640,0.58,0.1,1.2813,0.124,16.56,0,0,0,0,0,0,0,22.74,0,0,0,0,0,0,0,0,0,2.239,0,0,0,0,0,0,0,0,0,1.786,0,0,0,0,0,0,0,0,0,9.5,43.25,99,0,0,0,0,0,0,0,0
27,310,0,4,640,0.6,1,1.3359,0.124,16.92,0,0,0,0,0,0,0,29.23,0,0,0,0,0,0,0,0,0,2.334,0,0,0,0,0,0,0,0,0,1.857,0,0,0,0,0,0,0,0,0,10.6,40.87,101,0,0,0,0,0,0,0,0
28,310,0,4,640,0.61,1,1.2704,0.124,17.28,0,0,0,0,0,0,0,32.48,0,0,0,0,0,0,0,0,0,2.22,0,0,0,0,0,0,0,0,0,1.929,0,0,0,0,0,0,0,0,0,9.8,44.51,116,0,0,0,0,0,0,0,0
29,310,0,4,640,0.61,1,1.2158,0.124,17.64,0,0,0,0,0,0,0,42.22,0,0,0,0,0,0,0,0,0,2.124,0,0,0,0,0,0,0,0,0,2,0,0,0,0,0,0,0,0,0,9.4,43.04,114,0,0,0,0,0,0,0,0
30,310,0,22,640,0.56,0.5,1.1684,0.124,17.549,0,0,0,0,0,0,0,24.36,0,0,0,0,0,0,0,0,0,2.042,0,0,0,0,0,0,0,0,0,2,0,0,0,0,0,0,0,0,0,9.3,45.76,120,0,0,0,0,0,0,0,0
31,310,0,8,640,0.59,0.1,1.183,0.124,17.457,0,0,0,0,0,0,0,35.73,0,0,0,0,0,0,0,0,0,2.067,0,0,0,0,0,0,0,0,0,2,0,0,0,0,0,0,0,0,0,9.4,43.07,114,0,0,0,0,0,0,0,0
32,310,0,7,640,0.6,0.1,1.2158,0.124,17.366,0,0,0,0,0,0,0,29.23,0,0,0,0,0,0,0,0,0,2.124,0,0,0,0,0,0,0,0,0,2,0,0,0,0,0,0,0,0,0,10.3,42.61,112,0,0,0,0,0,0,0,0
33,310,0,50,640,0.55,1,1.2631,0.124,17.274,0,0,0,0,0,0,0,32.48,0,0,0,0,0,0,0,0,0,2.207,0,0,0,0,0,0,0,0,0,2,0,0,0,0,0,0,0,0,0,11.9,44.48,110,0,0,0,0,0,0,0,0
34,310,0,60,640,0.6,1,1.1903,0.124,17.183,0,0,0,0,0,0,0,32.48,0,0,0,0,0,0,0,0,0,2.08,0,0,0,0,0,0,0,0,0,2,0,0,0,0,0,0,0,0,0,9.5,40.85,101,0,0,0,0,0,0,0,0
35,310,0,70,640,0.58,0.1,1.1866,0.124,17.091,0,0,0,0,0,0,0,12.99,0,0,0,0,0,0,0,0,0,2.073,0,0,0,0,0,0,0,0,0,2,0,0,0,0,0,0,0,0,0,9.8,40.62,117,0,0,0,0,0,0,0,0
36,310,0,80,640,0.6,0.5,1.0993,0.124,17,0,0,0,0,0,0,0,29.23,0,0,0,0,0,0,0,0,0,1.921,0,0,0,0,0,0,0,0,0,2,0,0,0,0,0,0,0,0,0,9.8,40.66,118,0,0,0,0,0,0,0,0
37,310,0,50,640,0.61,0.5,1.1612,0.124,17.057,0,0,0,0,0,0,0,23.06,0,0,0,0,0,0,0,0,0,2.029,0,0,0,0,0,0,0,0,0,1.9,0,0,0,0,0,0,0,0,0,9.4,42.62,110,0,0,0,0,0,0,0,0
38,310,0,30,640,0.58,0.1,1.2813,0.124,17.114,0,0,0,0,0,0,0,38.98,0,0,0,0,0,0,0,0,0,2.239,0,0,0,0,0,0,0,0,0,1.8,0,0,0,0,0,0,0,0,0,10.9,41.8,110,0,0,0,0,0,0,0,0
39,310,0,30,640,0.57,2,1.2849,0.124,17.171,0,0,0,0,0,0,0,38.98,0,0,0,0,0,0,0,0,0,2.245,0,0,0,0,0,0,0,0,0,1.7,0,0,0,0,0,0,0,0,0,10.3,40.77,104,0,0,0,0,0,0,0,0
40,310,0,70,640,0.61,1,1.3068,0.124,17.229,0,0,0,0,0,0,0,32.48,0,0,0,0,0,0,0,0,0,2.283,0,0,0,0,0,0,0,0,0,1.6,0,0,0,0,0,0,0,0,0,9.9,41.21,108,0,0,0,0,0,0,0,0
41,310,0,55.7,640,0.61,0.1,1.2303,0.124,17.286,0,0,0,0,0,0,0,32.48,0,0,0,0,0,0,0,0,0,2.15,0,0,0,0,0,0,0,0,0,1.5,0,0,0,0,0,0,0,0,0,10.9,41.56,109,0,0,0,0,0,0,0,0
42,310,0,41.3,640,0.58,0.1,1.1648,0.124,17.343,0,0,0,0,0,0,0,12.99,0,0,0,0,0,0,0,0,0,2.035,0,0,0,0,0,0,0,0,0,1.4,0,0,0,0,0,0,0,0,0,10.4,42.57,119,0,0,0,0,0,0,0,0
43,310,0,27,640,0.59,2,1.1466,0.124,17.4,0,0,0,0,0,0,0,34.43,0,0,0,0,0,0,0,0,0,2.003,0,0,0,0,0,0,0,0,0,1.3,0,0,0,0,0,0,0,0,0,10.2,43.56,124,0,0,0,0,0,0,0,0
44,310,0,30,640,0.6,1,1.223,0.124,17.357,0,0,0,0,0,0,0,32.48,0,0,0,0,0,0,0,0,0,2.137,0,0,0,0,0,0,0,0,0,1.171,0,0,0,0,0,0,0,0,0,9.5,43.92,115,0,0,0,0,0,0,0,0
45,310,0,50,640,0.61,1,1.274,0.124,17.314,0,0,0,0,0,0,0,29.23,0,0,0,0,0,0,0,0,0,2.226,0,0,0,0,0,0,0,0,0,1.043,0,0,0,0,0,0,0,0,0,9,34.69,110,0,0,0,0,0,0,0,0
46,310,0,22,640,0.63,1,1.325,0.124,17.271,0,0,0,0,0,0,0,29.23,0,0,0,0,0,0,0,0,0,2.315,0,0,0,0,0,0,0,0,0,0.914,0,0,0,0,0,0,0,0,0,9.6,39.78,105,0,0,0,0,0,0,0,0
47,310,0,30,640,0.62,1,1.2995,0.124,17.229,0,0,0,0,0,0,0,35.73,0,0,0,0,0,0,0,0,0,2.271,0,0,0,0,0,0,0,0,0,0.786,0,0,0,0,0,0,0,0,0,9.5,41.19,106,0,0,0,0,0,0,0,0
48,310,0,27.7,640,0.6,1,1.2558,0.124,17.186,0,0,0,0,0,0,0,32.48,0,0,0,0,0,0,0,0,0,2.194,0,0,0,0,0,0,0,0,0,0.657,0,0,0,0,0,0,0,0,0,9.6,40.02,109,0,0,0,0,0,0,0,0
49,310,0,25.3,640,0.63,0.1,1.1757,0.124,17.143,0,0,0,0,0,0,0,35.73,0,0,0,0,0,0,0,0,0,2.054,0,0,0,0,0,0,0,0,0,0.529,0,0,0,0,0,0,0,0,0,7.4,41.57,116,0,0,0,0,0,0,0,0
50,310,0,23,640,0.59,1.5,1.1502,0.124,17.1,0,0,0,0,0,0,0,30.53,0,0,0,0,0,0,0,0,0,2.01,0,0,0,0,0,0,0,0,0,0.4,0,0,0,0,0,0,0,0,0,9.9,42.6,117,0,0,0,0,0,0,0,0
51,310,0,11,640,0.65,0.1,1.052,0.124,16.971,0,0,0,0,0,0,0,25.01,0,0,0,0,0,0,0,0,0,1.838,0,0,0,0,0,0,0,0,0,0.757,0,0,0,0,0,0,0,0,0,10.1,42.67,118,0,0,0,0,0,0,0,0
52,310,0,13,640,0.6,0.1,1.1612,0.124,16.843,0,0,0,0,0,0,0,19.49,0,0,0,0,0,0,0,0,0,2.029,0,0,0,0,0,0,0,0,0,1.114,0,0,0,0,0,0,0,0,0,9.1,40.03,107,0,0,0,0,0,0,0,0
53,310,0,17,640,0.64,0.1,1.1211,0.124,16.714,0,0,0,0,0,0,0,25.98,0,0,0,0,0,0,0,0,0,1.959,0,0,0,0,0,0,0,0,0,1.471,0,0,0,0,0,0,0,0,0,10.7,34.74,96,0,0,0,0,0,0,0,0
54,310,0,11,640,0.63,1,1.1466,0.124,16.586,0,0,0,0,0,0,0,29.23,0,0,0,0,0,0,0,0,0,2.003,0,0,0,0,0,0,0,0,0,1.829,0,0,0,0,0,0,0,0,0,10.7,33.73,98,0,0,0,0,0,0,0,0
55,310,0,15,640,0.6,0.1,1.1866,0.124,16.457,0,0,0,0,0,0,0,22.74,0,0,0,0,0,0,0,0,0,2.073,0,0,0,0,0,0,0,0,0,2.186,0,0,0,0,0,0,0,0,0,10.2,38.77,99,0,0,0,0,0,0,0,0
56,310,0,19,640,0.61,0.1,1.1357,0.124,16.329,0,0,0,0,0,0,0,25.98,0,0,0,0,0,0,0,0,0,1.984,0,0,0,0,0,0,0,0,0,2.543,0,0,0,0,0,0,0,0,0,9.7,41.17,111,0,0,0,0,0,0,0,0
57,310,0,23,640,0.58,1,1.1175,0.124,16.2,0,0,0,0,0,0,0,22.74,0,0,0,0,0,0,0,0,0,1.953,0,0,0,0,0,0,0,0,0,2.9,0,0,0,0,0,0,0,0,0,10.1,43.62,118,0,0,0,0,0,0,0,0
58,310,0,13,640,0.64,0.1,1.1539,0.124,16.186,0,0,0,0,0,0,0,25.98,0,0,0,0,0,0,0,0,0,2.016,0,0,0,0,0,0,0,0,0,3.226,0,0,0,0,0,0,0,0,0,9.5,43.2,120,0,0,0,0,0,0,0,0
59,310,0,17,640,0.62,0.5,1.2158,0.14,16.171,0,0,0,0,0,0,0,32.48,0,0,0,0,0,0,0,0,0,2.124,0,0,0,0,0,0,0,0,0,3.551,0,0,0,0,0,0,0,0,0,10.3,41.01,109,0,0,0,0,0,0,0,0
60,310,0,4,640,0.6,0.1,1.2522,0.124,16.157,0,0,0,0,0,0,0,32.48,0,0,0,0,0,0,0,0,0,2.188,0,0,0,0,0,0,0,0,0,3.877,0,0,0,0,0,0,0,0,0,11.7,40.15,105,0,0,0,0,0,0,0,0
61,310,0,11,640,0.56,1,1.0993,0.06,16.143,0,0,0,0,0,0,0,22.74,0,0,0,0,0,0,0,0,0,1.921,0,0,0,0,0,0,0,0,0,4.203,0,0,0,0,0,0,0,0,0,10.8,36.74,93,0,0,0,0,0,0,0,0
62,310,0,24,640,0.64,0.1,1.0847,0.124,16.129,0,0,0,0,0,0,0,22.74,0,0,0,0,0,0,0,0,0,1.895,0,0,0,0,0,0,0,0,0,4.529,0,0,0,0,0,0,0,0,0,9.4,38.2,97,0,0,0,0,0,0,0,0
63,310,0,37,640,0.64,0.5,1.0447,0.124,16.114,0,0,0,0,0,0,0,29.23,0,0,0,0,0,0,0,0,0,1.825,0,0,0,0,0,0,0,0,0,4.854,0,0,0,0,0,0,0,0,0,9.5,41.38,115,0,0,0,0,0,0,0,0
64,310,0,50,640,0.6,1,1.0629,0.124,16.1,0,0,0,0,0,0,0,22.74,0,0,0,0,0,0,0,0,0,1.857,0,0,0,0,0,0,0,0,0,5.18,0,0,0,0,0,0,0,0,0,8.8,44.07,125,0,0,0,0,0,0,0,0
65,310,0,22,640,0.63,0.1,1.143,0.124,15.671,0,0,0,0,0,0,0,21.11,0,0,0,0,0,0,0,0,0,1.997,0,0,0,0,0,0,0,0,0,5.309,0,0,0,0,0,0,0,0,0,8.8,41.96,115,0,0,0,0,0,0,0,0
66,310,0,8,640,0.61,0.1,1.183,0.124,15.243,0,0,0,0,0,0,0,20.46,0,0,0,0,0,0,0,0,0,2.067,0,0,0,0,0,0,0,0,0,5.437,0,0,0,0,0,0,0,0,0,10.8,41.25,112,0,0,0,0,0,0,0,0
67,310,0,23,640,0.6,3,1.143,0.124,14.814,0,0,0,0,0,0,0,25.98,0,0,0,0,0,0,0,0,0,1.997,0,0,0,0,0,0,0,0,0,5.566,0,0,0,0,0,0,0,0,0,11.2,43.51,113,0,0,0,0,0,0,0,0
68,310,0,17,640,0.64,1,0.9719,0.07,14.386,0,0,0,0,0,0,0,32.48,0,0,0,0,0,0,0,0,0,1.698,0,0,0,0,0,0,0,0,0,5.694,0,0,0,0,0,0,0,0,0,11.3,42.74,110,0,0,0,0,0,0,0,0
69,310,0,18.7,640,0.63,1.5,1.0702,0.124,13.957,0,0,0,0,0,0,0,19.49,0,0,0,0,0,0,0,0,0,1.87,0,0,0,0,0,0,0,0,0,5.823,0,0,0,0,0,0,0,0,0,9.3,46.13,125,0,0,0,0,0,0,0,0
70,310,0,20.3,640,0.55,1,0.9828,0.124,13.529,0,0,0,0,0,0,0,29.23,0,0,0,0,0,0,0,0,0,1.717,0,0,0,0,0,0,0,0,0,5.951,0,0,0,0,0,0,0,0,0,10.9,48.93,138,0,0,0,0,0,0,0,0
71,310,0,22,640,0.58,14,1.0156,0.124,13.1,0,0,0,0,0,0,0,95.82,0,0,0,0,0,0,0,0,0,1.774,0,0,0,0,0,0,0,0,0,6.08,0,0,0,0,0,0,0,0,0,9.2,49.51,140,0,0,0,0,0,0,0,0
72,310,0,240,640,0.52,12,1.3614,0.196,13.229,0,0,0,0,0,0,0,86.72,0,0,0,0,0,0,0,0,0,2.379,0,0,0,0,0,0,0,0,0,5.251,0,0,0,0,0,0,0,0,0,9.2,48.57,137,0,0,0,0,0,0,0,0
73,310,0,40,640,0.54,0.1,1.0483,0.124,13.357,0,0,0,0,0,0,0,19.49,0,0,0,0,0,0,0,0,0,1.832,0,0,0,0,0,0,0,0,0,4.423,0,0,0,0,0,0,0,0,0,9.1,44.62,125,0,0,0,0,0,0,0,0
74,310,0,23,640,0.55,0.5,1.1575,0.244,13.486,0,0,0,0,0,0,0,42.22,0,0,0,0,0,0,0,0,0,2.022,0,0,0,0,0,0,0,0,0,3.594,0,0,0,0,0,0,0,0,0,9.1,47.1,126,0,0,0,0,0,0,0,0
75,310,0,22,640,0.54,0.1,1.1393,0.073,13.614,0,0,0,0,0,0,0,34.43,0,0,0,0,0,0,0,0,0,1.991,0,0,0,0,0,0,0,0,0,2.766,0,0,0,0,0,0,0,0,0,9.5,43.33,115,0,0,0,0,0,0,0,0
76,310,0,22.3,640,0.59,1,1.1066,0.124,13.743,0,0,0,0,0,0,0,16.24,0,0,0,0,0,0,0,0,0,1.933,0,0,0,0,0,0,0,0,0,1.937,0,0,0,0,0,0,0,0,0,9.1,39.72,110,0,0,0,0,0,0,0,0
77,310,0,22.7,640,0.62,0.1,1.041,0.124,13.871,0,0,0,0,0,0,0,19.49,0,0,0,0,0,0,0,0,0,1.819,0,0,0,0,0,0,0,0,0,1.109,0,0,0,0,0,0,0,0,0,9.6,41.23,119,0,0,0,0,0,0,0,0
78,310,0,23,640,0.58,1,1.0156,0.124,14,0,0,0,0,0,0,0,26.31,0,0,0,0,0,0,0,0,0,1.774,0,0,0,0,0,0,0,0,0,0.28,0,0,0,0,0,0,0,0,0,9.5,42.69,127,0,0,0,0,0,0,0,0
79,310,0,17,640,0.59,0.1,1.1757,0.124,14.086,0,0,0,0,0,0,0,25.66,0,0,0,0,0,0,0,0,0,2.054,0,0,0,0,0,0,0,0,0,0.24,0,0,0,0,0,0,0,0,0,9.6,41.79,120,0,0,0,0,0,0,0,0
80,310,0,23,640,0.61,1,1.234,0.124,14.171,0,0,0,0,0,0,0,22.74,0,0,0,0,0,0,0,0,0,2.156,0,0,0,0,0,0,0,0,0,0.2,0,0,0,0,0,0,0,0,0,8.7,41.25,114,0,0,0,0,0,0,0,0
81,310,0,11,640,0.61,1,1.2522,0.124,14.257,0,0,0,0,0,0,0,25.98,0,0,0,0,0,0,0,0,0,2.188,0,0,0,0,0,0,0,0,0,0.16,0,0,0,0,0,0,0,0,0,9.8,40.4,108,0,0,0,0,0,0,0,0
82,310,0,23,640,0.73,0.1,1.2849,0.124,14.343,0,0,0,0,0,0,0,21.76,0,0,0,0,0,0,0,0,0,2.245,0,0,0,0,0,0,0,0,0,0.12,0,0,0,0,0,0,0,0,0,9,40.67,107,0,0,0,0,0,0,0,0
83,310,0,25.3,640,0.71,0.1,1.2558,0.124,14.429,0,0,0,0,0,0,0,25.98,0,0,0,0,0,0,0,0,0,2.194,0,0,0,0,0,0,0,0,0,0.08,0,0,0,0,0,0,0,0,0,9.4,38.82,104,0,0,0,0,0,0,0,0
84,310,0,27.7,640,0.71,0.1,0.961,0.124,14.514,0,0,0,0,0,0,0,29.23,0,0,0,0,0,0,0,0,0,1.679,0,0,0,0,0,0,0,0,0,0.04,0,0,0,0,0,0,0,0,0,9.1,46.11,123,0,0,0,0,0,0,0,0
85,310,0,30,640,0.62,0.5,1.0847,0.198,14.6,0,0,0,0,0,0,0,30.86,0,0,0,0,0,0,0,0,0,1.895,0,0,0,0,0,0,0,0,0,0,0,0,0,0,0,0,0,0,0,9.6,42.19,117,0,0,0,0,0,0,0,0
86,310,0,7,640,0.59,0.5,1.1066,0.192,14.814,0,0,0,0,0,0,0,16.24,0,0,0,0,0,0,0,0,0,1.933,0,0,0,0,0,0,0,0,0,0.21,0,0,0,0,0,0,0,0,0,9.8,44.54,119,0,0,0,0,0,0,0,0
87,310,0,4,640,0.6,1,0.9464,0.124,15.029,0,0,0,0,0,0,0,16.24,0,0,0,0,0,0,0,0,0,1.654,0,0,0,0,0,0,0,0,0,0.42,0,0,0,0,0,0,0,0,0,9.7,39.54,99,0,0,0,0,0,0,0,0
88,310,0,2,640,0.57,1.5,0.1747,0.144,15.243,0,0,0,0,0,0,0,16.24,0,0,0,0,0,0,0,0,0,0.305,0,0,0,0,0,0,0,0,0,0.63,0,0,0,0,0,0,0,0,0,10.6,33.8,73,0,0,0,0,0,0,0,0
89,310,0,4,640,0.59,1,0.1056,1.06,15.457,0,0,0,0,0,0,0,19.49,0,0,0,0,0,0,0,0,0,0.184,0,0,0,0,0,0,0,0,0,0.84,0,0,0,0,0,0,0,0,0,9.7,31.31,69,0,0,0,0,0,0,0,0
90,310,0,5.3,640,0.6,1,0.0983,0.124,15.671,0,0,0,0,0,0,0,22.74,0,0,0,0,0,0,0,0,0,0.172,0,0,0,0,0,0,0,0,0,1.05,0,0,0,0,0,0,0,0,0,12.3,35.23,82,0,0,0,0,0,0,0,0
91,310,0,6.7,640,0.64,1,0.1238,0.227,15.886,0,0,0,0,0,0,0,12.99,0,0,0,0,0,0,0,0,0,0.216,0,0,0,0,0,0,0,0,0,1.26,0,0,0,0,0,0,0,0,0,9.8,35.46,89,0,0,0,0,0,0,0,0
92,310,0,8,640,0.62,1,0.0692,0.33,16.1,0,0,0,0,0,0,0,11.04,0,0,0,0,0,0,0,0,0,0.121,0,0,0,0,0,0,0,0,0,1.47,0,0,0,0,0,0,0,0,0,8.9,38.31,96,0,0,0,0,0,0,0,0
93,310,0,13,640,0.6,0.1,0.1383,0.499,16.586,0,0,0,0,0,0,0,23.39,0,0,0,0,0,0,0,0,0,0.242,0,0,0,0,0,0,0,0,0,1.444,0,0,0,0,0,0,0,0,0,9,38.74,102,0,0,0,0,0,0,0,0
94,310,0,8,640,0.56,0.1,0.1456,0.124,17.071,0,0,0,0,0,0,0,16.24,0,0,0,0,0,0,0,0,0,0.254,0,0,0,0,0,0,0,0,0,1.419,0,0,0,0,0,0,0,0,0,9.1,36.96,92,0,0,0,0,0,0,0,0
95,310,0,2,640,0.58,0.1,0.1456,0.146,17.557,0,0,0,0,0,0,0,17.86,0,0,0,0,0,0,0,0,0,0.254,0,0,0,0,0,0,0,0,0,1.393,0,0,0,0,0,0,0,0,0,10,38.35,93,0,0,0,0,0,0,0,0
96,310,0,2,640,0.61,1,0.1565,0.124,18.043,0,0,0,0,0,0,0,9.74,0,0,0,0,0,0,0,0,0,0.273,0,0,0,0,0,0,0,0,0,1.367,0,0,0,0,0,0,0,0,0,9.9,35.97,88,0,0,0,0,0,0,0,0
97,310,0,11.3,640,0.6,0.1,0.1529,0.124,18.529,0,0,0,0,0,0,0,18.51,0,0,0,0,0,0,0,0,0,0.267,0,0,0,0,0,0,0,0,0,1.341,0,0,0,0,0,0,0,0,0,9,37.76,93,0,0,0,0,0,0,0,0
98,310,0,20.7,640,0.61,1,0.1565,0.124,19.014,0,0,0,0,0,0,0,22.74,0,0,0,0,0,0,0,0,0,0.273,0,0,0,0,0,0,0,0,0,1.316,0,0,0,0,0,0,0,0,0,8.8,38.71,95,0,0,0,0,0,0,0,0
99,310,0,30,640,0.57,0.1,0.1674,0.11,19.5,0,0,0,0,0,0,0,22.74,0,0,0,0,0,0,0,0,0,0.293,0,0,0,0,0,0,0,0,0,1.29,0,0,0,0,0,0,0,0,0,9.2,41.17,100,0,0,0,0,0,0,0,0
100,310,0,4,640,0.59,0.1,0.1893,0.081,19.5,0,0,0,0,0,0,0,22.74,0,0,0,0,0,0,0,0,0,0.331,0,0,0,0,0,0,0,0,0,1.223,0,0,0,0,0,0,0,0,0,9,38.68,92,0,0,0,0,0,0,0,0
101,310,0,2,640,0.57,0.1,0.1856,0.081,19.5,0,0,0,0,0,0,0,19.49,0,0,0,0,0,0,0,0,0,0.324,0,0,0,0,0,0,0,0,0,1.156,0,0,0,0,0,0,0,0,0,8.4,37.17,90,0,0,0,0,0,0,0,0
102,310,0,2,640,0.58,0.1,0.2002,0.081,19.5,0,0,0,0,0,0,0,16.24,0,0,0,0,0,0,0,0,0,0.35,0,0,0,0,0,0,0,0,0,1.089,0,0,0,0,0,0,0,0,0,9.8,37.37,94,0,0,0,0,0,0,0,0
103,310,0,2,640,0.6,1,0.1856,0.081,19.5,0,0,0,0,0,0,0,19.49,0,0,0,0,0,0,0,0,0,0.324,0,0,0,0,0,0,0,0,0,1.021,0,0,0,0,0,0,0,0,0,9.6,36.38,92,0,0,0,0,0,0,0,0
104,310,0,5,640,0.61,1.5,0.2002,0.081,19.5,0,0,0,0,0,0,0,20.79,0,0,0,0,0,0,0,0,0,0.35,0,0,0,0,0,0,0,0,0,0.954,0,0,0,0,0,0,0,0,0,8.5,32.57,79,0,0,0,0,0,0,0,0
105,310,0,8,640,0.62,1,0.1966,0.081,19.5,0,0,0,0,0,0,0,22.74,0,0,0,0,0,0,0,0,0,0.343,0,0,0,0,0,0,0,0,0,0.887,0,0,0,0,0,0,0,0,0,9.8,33.92,90,0,0,0,0,0,0,0,0
106,310,0,11,640,0.76,1,0.1966,0.081,19.5,0,0,0,0,0,0,0,14.62,0,0,0,0,0,0,0,0,0,0.343,0,0,0,0,0,0,0,0,0,0.82,0,0,0,0,0,0,0,0,0,8.5,35.65,94,0,0,0,0,0,0,0,0
107,310,0,2,640,0.72,1,0.222,0.081,19.6,0,0,0,0,0,0,0,16.24,0,0,0,0,0,0,0,0,0,0.388,0,0,0,0,0,0,0,0,0,0.806,0,0,0,0,0,0,0,0,0,9.3,32.84,83,0,0,0,0,0,0,0,0
108,310,0,13,640,0.57,0.1,0.2293,0.081,19.7,0,0,0,0,0,0,0,17.21,0,0,0,0,0,0,0,0,0,0.401,0,0,0,0,0,0,0,0,0,0.791,0,0,0,0,0,0,0,0,0,9.3,33.15,82,0,0,0,0,0,0,0,0
109,310,0,2,640,0.54,2,0.222,0.081,19.8,0,0,0,0,0,0,0,21.11,0,0,0,0,0,0,0,0,0,0.388,0,0,0,0,0,0,0,0,0,0.777,0,0,0,0,0,0,0,0,0,9.7,31.99,74,0,0,0,0,0,0,0,0
110,310,0,4,640,0.61,0.1,0.2111,0.081,19.9,0,0,0,0,0,0,0,17.54,0,0,0,0,0,0,0,0,0,0.369,0,0,0,0,0,0,0,0,0,0.763,0,0,0,0,0,0,0,0,0,9.9,47.52,81,0,0,0,0,0,0,0,0
111,310,0,4,640,0.65,1.5,0.1929,0.081,20,0,0,0,0,0,0,0,16.24,0,0,0,0,0,0,0,0,0,0.337,0,0,0,0,0,0,0,0,0,0.749,0,0,0,0,0,0,0,0,0,9.1,34.71,79,0,0,0,0,0,0,0,0
112,310,0,4,640,0.58,2,0.182,0.081,20.1,0,0,0,0,0,0,0,16.24,0,0,0,0,0,0,0,0,0,0.318,0,0,0,0,0,0,0,0,0,0.734,0,0,0,0,0,0,0,0,0,9.4,40.12,94,0,0,0,0,0,0,0,0
113,310,0,4,640,0.55,0.1,0.182,0.081,20.2,0,0,0,0,0,0,0,16.89,0,0,0,0,0,0,0,0,0,0.318,0,0,0,0,0,0,0,0,0,0.72,0,0,0,0,0,0,0,0,0,8.9,40.06,97,0,0,0,0,0,0,0,0
114,310,0,14,640,0.6,1,0.2075,0.081,19.957,0,0,0,0,0,0,0,19.49,0,0,0,0,0,0,0,0,0,0.363,0,0,0,0,0,0,0,0,0,0.717,0,0,0,0,0,0,0,0,0,9.1,37.81,90,0,0,0,0,0,0,0,0
115,310,0,9,640,0.55,0.1,0.222,0.081,19.714,0,0,0,0,0,0,0,16.24,0,0,0,0,0,0,0,0,0,0.388,0,0,0,0,0,0,0,0,0,0.714,0,0,0,0,0,0,0,0,0,8.6,36.16,84,0,0,0,0,0,0,0,0
116,310,0,2,640,0.62,3.5,0.2148,0.081,19.471,0,0,0,0,0,0,0,19.49,0,0,0,0,0,0,0,0,0,0.375,0,0,0,0,0,0,0,0,0,0.711,0,0,0,0,0,0,0,0,0,10.3,36.63,83,0,0,0,0,0,0,0,0
117,310,0,13,640,0.63,2,0.2621,0.458,19.229,0,0,0,0,0,0,0,29.23,0,0,0,0,0,0,0,0,0,0.458,0,0,0,0,0,0,0,0,0,0.709,0,0,0,0,0,0,0,0,0,8.8,39.34,97,0,0,0,0,0,0,0,0
118,310,0,9.3,640,0.56,2,0.1784,0.534,18.986,0,0,0,0,0,0,0,22.74,0,0,0,0,0,0,0,0,0,0.312,0,0,0,0,0,0,0,0,0,0.706,0,0,0,0,0,0,0,0,0,9.5,38.81,85,0,0,0,0,0,0,0,0
119,310,0,5.7,640,0.64,2,0.1383,0.081,18.743,0,0,0,0,0,0,0,19.49,0,0,0,0,0,0,0,0,0,0.242,0,0,0,0,0,0,0,0,0,0.703,0,0,0,0,0,0,0,0,0,9.6,35.23,78,0,0,0,0,0,0,0,0
120,310,0,2,640,0.59,3,0.1674,0.596,18.5,0,0,0,0,0,0,0,25.98,0,0,0,0,0,0,0,0,0,0.293,0,0,0,0,0,0,0,0,0,0.7,0,0,0,0,0,0,0,0,0,9.9,38.91,87,0,0,0,0,0,0,0,0
121,310,0,13,640,0.55,1,0.1274,0.081,18.757,0,0,0,0,0,0,0,16.24,0,0,0,0,0,0,0,0,0,0.223,0,0,0,0,0,0,0,0,0,0.803,0,0,0,0,0,0,0,0,0,9.6,31.13,66,0,0,0,0,0,0,0,0
122,310,0,8,640,0.64,2,0.1238,0.081,19.014,0,0,0,0,0,0,0,16.24,0,0,0,0,0,0,0,0,0,0.216,0,0,0,0,0,0,0,0,0,0.906,0,0,0,0,0,0,0,0,0,9.3,34.73,80,0,0,0,0,0,0,0,0
123,310,0,4,640,0.69,1,0.1529,0.081,19.271,0,0,0,0,0,0,0,16.24,0,0,0,0,0,0,0,0,0,0.267,0,0,0,0,0,0,0,0,0,1.009,0,0,0,0,0,0,0,0,0,9.4,34.91,75,0,0,0,0,0,0,0,0
124,310,0,4,640,0.63,1,0.142,0.081,19.529,0,0,0,0,0,0,0,19.49,0,0,0,0,0,0,0,0,0,0.248,0,0,0,0,0,0,0,0,0,1.111,0,0,0,0,0,0,0,0,0,9,37.01,82,0,0,0,0,0,0,0,0
125,310,0,3.3,640,0.58,1.5,0.1602,0.081,19.786,0,0,0,0,0,0,0,25.98,0,0,0,0,0,0,0,0,0,0.28,0,0,0,0,0,0,0,0,0,1.214,0,0,0,0,0,0,0,0,0,8.7,27.86,63,0,0,0,0,0,0,0,0
126,310,0,2.7,640,0.56,2,0.1347,0.081,20.043,0,0,0,0,0,0,0,19.49,0,0,0,0,0,0,0,0,0,0.235,0,0,0,0,0,0,0,0,0,1.317,0,0,0,0,0,0,0,0,0,9.1,41.2,89,0,0,0,0,0,0,0,0
127,310,0,2,640,0.59,1.5,0.1492,0.081,20.3,0,0,0,0,0,0,0,18.84,0,0,0,0,0,0,0,0,0,0.261,0,0,0,0,0,0,0,0,0,1.42,0,0,0,0,0,0,0,0,0,9.4,42.61,94,0,0,0,0,0,0,0,0
128,310,0,17,640,0.57,2,0.1492,0.156,20.329,0,0,0,0,0,0,0,16.24,0,0,0,0,0,0,0,0,0,0.261,0,0,0,0,0,0,0,0,0,1.434,0,0,0,0,0,0,0,0,0,8.9,38.82,84,0,0,0,0,0,0,0,0
129,310,0,2,640,0.53,2,0.1674,0.238,20.357,0,0,0,0,0,0,0,19.49,0,0,0,0,0,0,0,0,0,0.293,0,0,0,0,0,0,0,0,0,1.449,0,0,0,0,0,0,0,0,0,9,37.22,82,0,0,0,0,0,0,0,0
130,310,0,4,640,0.54,0.1,0.1602,0.081,20.386,0,0,0,0,0,0,0,19.49,0,0,0,0,0,0,0,0,0,0.28,0,0,0,0,0,0,0,0,0,1.463,0,0,0,0,0,0,0,0,0,9.3,33.21,71,0,0,0,0,0,0,0,0
131,310,0,8,640,0.57,1,0.1565,0.229,20.414,0,0,0,0,0,0,0,19.49,0,0,0,0,0,0,0,0,0,0.273,0,0,0,0,0,0,0,0,0,1.477,0,0,0,0,0,0,0,0,0,10.2,32.46,71,0,0,0,0,0,0,0,0
132,310,0,6,640,0.54,1,0.1383,0.081,20.443,0,0,0,0,0,0,0,16.24,0,0,0,0,0,0,0,0,0,0.242,0,0,0,0,0,0,0,0,0,1.491,0,0,0,0,0,0,0,0,0,9.3,34.27,81,0,0,0,0,0,0,0,0
133,310,0,4,640,0.58,1,0.1274,0.24,20.471,0,0,0,0,0,0,0,9.74,0,0,0,0,0,0,0,0,0,0.223,0,0,0,0,0,0,0,0,0,1.506,0,0,0,0,0,0,0,0,0,9,35.81,89,0,0,0,0,0,0,0,0
134,310,0,2,640,0.56,3.5,0.1492,0.081,20.5,0,0,0,0,0,0,0,13.64,0,0,0,0,0,0,0,0,0,0.261,0,0,0,0,0,0,0,0,0,1.52,0,0,0,0,0,0,0,0,0,9.2,37.95,90,0,0,0,0,0,0,0,0
135,310,0,2,640,0.57,0.1,0.1492,0.081,20.514,0,0,0,0,0,0,0,16.24,0,0,0,0,0,0,0,0,0,0.261,0,0,0,0,0,0,0,0,0,1.529,0,0,0,0,0,0,0,0,0,9.1,36.48,82,0,0,0,0,0,0,0,0
136,310,0,2,640,0.58,0.1,0.1165,0.081,20.529,0,0,0,0,0,0,0,13.64,0,0,0,0,0,0,0,0,0,0.204,0,0,0,0,0,0,0,0,0,1.537,0,0,0,0,0,0,0,0,0,9.1,34.14,77,0,0,0,0,0,0,0,0
137,310,0,2,640,0.53,1,0.142,0.081,20.543,0,0,0,0,0,0,0,14.94,0,0,0,0,0,0,0,0,0,0.248,0,0,0,0,0,0,0,0,0,1.546,0,0,0,0,0,0,0,0,0,9.5,32.43,72,0,0,0,0,0,0,0,0
138,310,0,2,640,0.54,0.1,0.1165,0.081,20.557,0,0,0,0,0,0,0,12.99,0,0,0,0,0,0,0,0,0,0.204,0,0,0,0,0,0,0,0,0,1.554,0,0,0,0,0,0,0,0,0,10.3,33.86,69,0,0,0,0,0,0,0,0
139,310,0,4,640,0.58,1,0.1274,0.081,20.571,0,0,0,0,0,0,0,17.21,0,0,0,0,0,0,0,0,0,0.223,0,0,0,0,0,0,0,0,0,1.563,0,0,0,0,0,0,0,0,0,9,36.86,77,0,0,0,0,0,0,0,0
140,310,0,6,640,0.58,2,0.1201,0.081,20.586,0,0,0,0,0,0,0,22.74,0,0,0,0,0,0,0,0,0,0.21,0,0,0,0,0,0,0,0,0,1.571,0,0,0,0,0,0,0,0,0,9,42.9,91,0,0,0,0,0,0,0,0
141,310,0,8,640,0.57,0.1,0.1238,0.123,20.6,0,0,0,0,0,0,0,17.86,0,0,0,0,0,0,0,0,0,0.216,0,0,0,0,0,0,0,0,0,1.58,0,0,0,0,0,0,0,0,0,8.9,42.34,99,0,0,0,0,0,0,0,0
142,310,0,8,640,0.57,1,0.1238,0.081,20.986,0,0,0,0,0,0,0,12.99,0,0,0,0,0,0,0,0,0,0.216,0,0,0,0,0,0,0,0,0,1.543,0,0,0,0,0,0,0,0,0,9,41.28,90,0,0,0,0,0,0,0,0
143,310,0,2,640,0.55,2,0.1238,0.081,21.371,0,0,0,0,0,0,0,12.99,0,0,0,0,0,0,0,0,0,0.216,0,0,0,0,0,0,0,0,0,1.506,0,0,0,0,0,0,0,0,0,8,41.32,87,0,0,0,0,0,0,0,0
144,310,0,2,640,0.56,1,0.1165,0.081,21.757,0,0,0,0,0,0,0,12.34,0,0,0,0,0,0,0,0,0,0.204,0,0,0,0,0,0,0,0,0,1.469,0,0,0,0,0,0,0,0,0,9.1,39.1,78,0,0,0,0,0,0,0,0
145,310,0,2,640,0.54,1,0.1165,0.081,22.143,0,0,0,0,0,0,0,14.94,0,0,0,0,0,0,0,0,0,0.204,0,0,0,0,0,0,0,0,0,1.431,0,0,0,0,0,0,0,0,0,9.1,36.04,75,0,0,0,0,0,0,0,0
146,310,0,2,640,0.56,1.5,0.1274,0.081,22.529,0,0,0,0,0,0,0,12.99,0,0,0,0,0,0,0,0,0,0.223,0,0,0,0,0,0,0,0,0,1.394,0,0,0,0,0,0,0,0,0,8.6,36.42,81,0,0,0,0,0,0,0,0
147,310,0,2,640,0.54,1,0.1019,0.081,22.914,0,0,0,0,0,0,0,9.74,0,0,0,0,0,0,0,0,0,0.178,0,0,0,0,0,0,0,0,0,1.357,0,0,0,0,0,0,0,0,0,8.2,36.05,80,0,0,0,0,0,0,0,0
148,310,0,2,640,0.54,1,0.1019,0.083,23.3,0,0,0,0,0,0,0,9.74,0,0,0,0,0,0,0,0,0,0.178,0,0,0,0,0,0,0,0,0,1.32,0,0,0,0,0,0,0,0,0,9.2,35.18,79,0,0,0,0,0,0,0,0
149,310,0,13,640,0.57,3,0.1347,0.081,22.917,0,0,0,0,0,0,0,12.99,0,0,0,0,0,0,0,0,0,0.235,0,0,0,0,0,0,0,0,0,1.449,0,0,0,0,0,0,0,0,0,9.3,37.61,87,0,0,0,0,0,0,0,0
150,310,0,11,640,0.52,2,0.1529,0.081,22.534,0,0,0,0,0,0,0,9.74,0,0,0,0,0,0,0,0,0,0.267,0,0,0,0,0,0,0,0,0,1.577,0,0,0,0,0,0,0,0,0,8.9,38.76,82,0,0,0,0,0,0,0,0
151,310,0,2,640,0.54,2,0.131,0.081,22.151,0,0,0,0,0,0,0,12.99,0,0,0,0,0,0,0,0,0,0.229,0,0,0,0,0,0,0,0,0,1.706,0,0,0,0,0,0,0,0,0,9.1,33.96,72,0,0,0,0,0,0,0,0
152,310,0,2,640,0.52,1,0.1638,0.1,21.769,0,0,0,0,0,0,0,12.99,0,0,0,0,0,0,0,0,0,0.286,0,0,0,0,0,0,0,0,0,1.834,0,0,0,0,0,0,0,0,0,9.2,35.68,77,0,0,0,0,0,0,0,0
153,310,0,7,640,0.51,0.5,0.1674,0.09,21.386,0,0,0,0,0,0,0,16.24,0,0,0,0,0,0,0,0,0,0.293,0,0,0,0,0,0,0,0,0,1.963,0,0,0,0,0,0,0,0,0,7.9,34.22,72,0,0,0,0,0,0,0,0
154,310,0,12,640,0.55,2.5,0.1674,0.081,21.003,0,0,0,0,0,0,0,9.74,0,0,0,0,0,0,0,0,0,0.293,0,0,0,0,0,0,0,0,0,2.091,0,0,0,0,0,0,0,0,0,8.8,37.62,86,0,0,0,0,0,0,0,0
155,310,0,17,640,0.56,1,0.1893,0.081,20.62,0,0,0,0,0,0,0,21.11,0,0,0,0,0,0,0,0,0,0.331,0,0,0,0,0,0,0,0,0,2.22,0,0,0,0,0,0,0,0,0,8.8,42.03,97,0,0,0,0,0,0,0,0
156,310,0,2,640,0.53,1,0.182,0.081,20.531,0,0,0,0,0,0,0,11.04,0,0,0,0,0,0,0,0,0,0.318,0,0,0,0,0,0,0,0,0,2.206,0,0,0,0,0,0,0,0,0,8.8,39.01,89,0,0,0,0,0,0,0,0
157,310,0,4,640,0.51,1.5,0.1856,0.081,20.443,0,0,0,0,0,0,0,12.02,0,0,0,0,0,0,0,0,0,0.324,0,0,0,0,0,0,0,0,0,2.191,0,0,0,0,0,0,0,0,0,8.1,37.89,81,0,0,0,0,0,0,0,0
158,310,0,11,640,0.55,3,0.1747,0.081,20.354,0,0,0,0,0,0,0,12.99,0,0,0,0,0,0,0,0,0,0.305,0,0,0,0,0,0,0,0,0,2.177,0,0,0,0,0,0,0,0,0,8.9,34.4,73,0,0,0,0,0,0,0,0
159,310,0,7,640,0.53,2.5,0.1674,0.68,20.266,0,0,0,0,0,0,0,19.49,0,0,0,0,0,0,0,0,0,0.293,0,0,0,0,0,0,0,0,0,2.163,0,0,0,0,0,0,0,0,0,9.2,32.27,74,0,0,0,0,0,0,0,0
160,310,0,9,640,0.54,2.5,0.1674,1.02,20.177,0,0,0,0,0,0,0,18.19,0,0,0,0,0,0,0,0,0,0.293,0,0,0,0,0,0,0,0,0,2.149,0,0,0,0,0,0,0,0,0,5.3,36.43,90,0,0,0,0,0,0,0,0
161,310,0,11,640,0.59,2,0.1383,0.081,20.089,0,0,0,0,0,0,0,16.24,0,0,0,0,0,0,0,0,0,0.242,0,0,0,0,0,0,0,0,0,2.134,0,0,0,0,0,0,0,0,0,9.1,35.92,89,0,0,0,0,0,0,0,0
162,310,0,13,640,0.5,3,0.1674,0.081,20,0,0,0,0,0,0,0,15.59,0,0,0,0,0,0,0,0,0,0.293,0,0,0,0,0,0,0,0,0,2.12,0,0,0,0,0,0,0,0,0,9,38.24,92,0,0,0,0,0,0,0,0
163,310,0,2,640,0.5,3,0.1966,0.081,20.244,0,0,0,0,0,0,0,25.98,0,0,0,0,0,0,0,0,0,0.343,0,0,0,0,0,0,0,0,0,2.12,0,0,0,0,0,0,0,0,0,8.8,38.11,84,0,0,0,0,0,0,0,0
164,310,0,4,640,0.58,0.1,0.1674,0.081,20.489,0,0,0,0,0,0,0,21.44,0,0,0,0,0,0,0,0,0,0.293,0,0,0,0,0,0,0,0,0,2.12,0,0,0,0,0,0,0,0,0,9.1,32.62,71,0,0,0,0,0,0,0,0
165,310,0,13,640,0.53,1,0.1784,0.081,20.733,0,0,0,0,0,0,0,22.41,0,0,0,0,0,0,0,0,0,0.312,0,0,0,0,0,0,0,0,0,2.12,0,0,0,0,0,0,0,0,0,9,31.98,71,0,0,0,0,0,0,0,0
166,310,0,11,640,0.57,0.1,0.1674,0.081,20.977,0,0,0,0,0,0,0,14.29,0,0,0,0,0,0,0,0,0,0.293,0,0,0,0,0,0,0,0,0,2.12,0,0,0,0,0,0,0,0,0,9,31.55,68,0,0,0,0,0,0,0,0
167,310,0,8.7,640,0.6,3,0.182,0.081,21.221,0,0,0,0,0,0,0,16.24,0,0,0,0,0,0,0,0,0,0.318,0,0,0,0,0,0,0,0,0,2.12,0,0,0,0,0,0,0,0,0,8.8,32.21,74,0,0,0,0,0,0,0,0
168,310,0,6.3,640,0.61,1.5,0.142,0.081,21.466,0,0,0,0,0,0,0,19.49,0,0,0,0,0,0,0,0,0,0.248,0,0,0,0,0,0,0,0,0,2.12,0,0,0,0,0,0,0,0,0,8.3,36.1,87,0,0,0,0,0,0,0,0
169,310,0,4,640,0.59,1,0.1602,0.081,21.71,0,0,0,0,0,0,0,23.39,0,0,0,0,0,0,0,0,0,0.28,0,0,0,0,0,0,0,0,0,2.12,0,0,0,0,0,0,0,0,0,8.3,33.19,77.6,0,0,0,0,0,0,0,0
170,310,0,2,640,0.55,2,0.1638,0.081,21.81,0,0,0,0,0,0,0,19.49,0,0,0,0,0,0,0,0,0,0.286,0,0,0,0,0,0,0,0,0,1.816,0,0,0,0,0,0,0,0,0,8.8,36.04,82,0,0,0,0,0,0,0,0
171,310,0,2,640,0.55,2,0.1529,0.081,21.91,0,0,0,0,0,0,0,14.29,0,0,0,0,0,0,0,0,0,0.267,0,0,0,0,0,0,0,0,0,1.511,0,0,0,0,0,0,0,0,0,7.8,36.33,81,0,0,0,0,0,0,0,0
172,310,0,13,640,0.66,1,0.1565,0.081,22.01,0,0,0,0,0,0,0,12.99,0,0,0,0,0,0,0,0,0,0.273,0,0,0,0,0,0,0,0,0,1.207,0,0,0,0,0,0,0,0,0,8.8,34.43,82,0,0,0,0,0,0,0,0
173,310,0,2,640,0.55,1.5,0.1492,0.132,22.11,0,0,0,0,0,0,0,19.49,0,0,0,0,0,0,0,0,0,0.261,0,0,0,0,0,0,0,0,0,0.903,0,0,0,0,0,0,0,0,0,8.8,36.56,90,0,0,0,0,0,0,0,0
174,310,0,2.7,640,0.57,0.1,0.1529,0.12,22.21,0,0,0,0,0,0,0,22.74,0,0,0,0,0,0,0,0,0,0.267,0,0,0,0,0,0,0,0,0,0.599,0,0,0,0,0,0,0,0,0,8.5,33.03,80,0,0,0,0,0,0,0,0
175,310,0,3.3,640,0.52,2.5,0.1638,0.081,22.31,0,0,0,0,0,0,0,17.86,0,0,0,0,0,0,0,0,0,0.286,0,0,0,0,0,0,0,0,0,0.294,0,0,0,0,0,0,0,0,0,8.3,35.09,92,0,0,0,0,0,0,0,0
176,310,0,4,640,0.53,4,0.1711,0.109,22.41,0,0,0,0,0,0,0,28.26,0,0,0,0,0,0,0,0,0,0.299,0,0,0,0,0,0,0,0,0,-0.01,0,0,0,0,0,0,0,0,0,9,38.27,91,0,0,0,0,0,0,0,0
177,310,0,8,640,0.55,1,0.1711,0.081,22.081,0,0,0,0,0,0,0,16.24,0,0,0,0,0,0,0,0,0,0.299,0,0,0,0,0,0,0,0,0,0.056,0,0,0,0,0,0,0,0,0,9.1,35.68,91,0,0,0,0,0,0,0,0
178,310,0,4,640,0.57,3,0.2038,0.081,21.751,0,0,0,0,0,0,0,16.24,0,0,0,0,0,0,0,0,0,0.356,0,0,0,0,0,0,0,0,0,0.123,0,0,0,0,0,0,0,0,0,8.3,39.11,95,0,0,0,0,0,0,0,0
179,310,0,8,640,0.59,3,0.1674,0.112,21.422,0,0,0,0,0,0,0,20.7,0,0,0,0,0,0,0,0,0,0.293,0,0,0,0,0,0,0,0,0,0.189,0,0,0,0,0,0,0,0,0,19.2,32.19,75,0,0,0,0,0,0,0,0
180,317.14,0,4,643.1,0.66,2.5,0.1602,0.081,21.093,0,0,0,0,0,0,0,22.74,0,0,0,0,0,0,0,0,0,0.28,0,0,0,0,0,0,0,0,0,0.256,0,0,0,0,0,0,0,0,0,8.6,35.33,79,0,0,0,0,0,0,0,0
181,324.29,0,5.3,646.1,0.67,1.5,0.1456,0.081,20.764,0,0,0,0,0,0,0,22.74,0,0,0,0,0,0,0,0,0,0.254,0,0,0,0,0,0,0,0,0,0.322,0,0,0,0,0,0,0,0,0,8.8,38.3,88,0,0,0,0,0,0,0,0
182,331.43,0,6.7,649.2,0.66,0.5,0.1529,0.348,20.434,0,0,0,0,0,0,0,16.24,0,0,0,0,0,0,0,0,0,0.267,0,0,0,0,0,0,0,0,0,0.389,0,0,0,0,0,0,0,0,0,8.7,41.02,101,0,0,0,0,0,0,0,0
183,338.57,0,8,652.3,0.61,2,0.1784,0.294,20.105,0,0,0,0,0,0,0,22.74,0,0,0,0,0,0,0,0,0,0.312,0,0,0,0,0,0,0,0,0,0.455,0,0,0,0,0,0,0,0,0,8.7,42.53,104,0,0,0,0,0,0,0,0
184,345.71,0,2,655.4,0.57,1,0.1674,0.357,19.776,0,0,0,0,0,0,0,22.74,0,0,0,0,0,0,0,0,0,0.293,0,0,0,0,0,0,0,0,0,0.521,0,0,0,0,0,0,0,0,0,7.5,40.77,101,0,0,0,0,0,0,0,0
185,352.86,0,4,658.4,0.56,1.5,0.182,0.359,19.446,0,0,0,0,0,0,0,25.98,0,0,0,0,0,0,0,0,0,0.318,0,0,0,0,0,0,0,0,0,0.588,0,0,0,0,0,0,0,0,0,9.1,30.64,96,0,0,0,0,0,0,0,0
186,360,0,4,661.5,0.55,1,0.1165,0.345,19.117,0,0,0,0,0,0,0,22.74,0,0,0,0,0,0,0,0,0,0.204,0,0,0,0,0,0,0,0,0,0.654,0,0,0,0,0,0,0,0,0,13.5,36.91,85,0,0,0,0,0,0,0,0
187,367.14,0,4,664.6,0.48,1,0.1784,0.304,18.788,0,0,0,0,0,0,0,12.99,0,0,0,0,0,0,0,0,0,0.312,0,0,0,0,0,0,0,0,0,0.721,0,0,0,0,0,0,0,0,0,7.5,34.9,86,0,0,0,0,0,0,0,0
188,374.29,0,3.3,667.6,0.65,3.5,0.1638,0.367,18.459,0,0,0,0,0,0,0,16.24,0,0,0,0,0,0,0,0,0,0.286,0,0,0,0,0,0,0,0,0,0.787,0,0,0,0,0,0,0,0,0,7.1,41.57,102,0,0,0,0,0,0,0,0
189,381.43,0,2.7,670.7,0.61,2.5,0.1456,0.278,18.129,0,0,0,0,0,0,0,16.24,0,0,0,0,0,0,0,0,0,0.254,0,0,0,0,0,0,0,0,0,0.854,0,0,0,0,0,0,0,0,0,7.3,40.37,105,0,0,0,0,0,0,0,0
190,388.57,0,2,673.8,0.56,3,0.1711,0.78,17.8,0,0,0,0,0,0,0,22.74,0,0,0,0,0,0,0,0,0,0.299,0,0,0,0,0,0,0,0,0,0.92,0,0,0,0,0,0,0,0,0,8.8,40.92,108,0,0,0,0,0,0,0,0
191,395.71,0,13,676.9,0.58,3,0.1638,0.427,17.386,0,0,0,0,0,0,0,22.74,0,0,0,0,0,0,0,0,0,0.286,0,0,0,0,0,0,0,0,0,1.006,0,0,0,0,0,0,0,0,0,7.4,39.67,103,0,0,0,0,0,0,0,0
192,402.86,0,4,679.9,0.54,3,0.2257,0.409,16.971,0,0,0,0,0,0,0,19.49,0,0,0,0,0,0,0,0,0,0.394,0,0,0,0,0,0,0,0,0,1.091,0,0,0,0,0,0,0,0,0,8.4,34.98,89,0,0,0,0,0,0,0,0
193,410,0,11,683,0.55,2.5,0.1856,0.316,16.557,0,0,0,0,0,0,0,11.8,0,0,0,0,0,0,0,0,0,0.324,0,0,0,0,0,0,0,0,0,1.177,0,0,0,0,0,0,0,0,0,8.6,38.23,95,0,0,0,0,0,0,0,0
194,411.57,0,4,682.6,0.64,2.5,0.142,0.41,16.143,0,0,0,0,0,0,0,16.24,0,0,0,0,0,0,0,0,0,0.248,0,0,0,0,0,0,0,0,0,1.263,0,0,0,0,0,0,0,0,0,8.4,37.05,88,0,0,0,0,0,0,0,0
195,413.14,0,8.3,682.3,0.55,2,0.1383,0.402,15.729,0,0,0,0,0,0,0,19.49,0,0,0,0,0,0,0,0,0,0.242,0,0,0,0,0,0,0,0,0,1.349,0,0,0,0,0,0,0,0,0,8.8,32.29,90,0,0,0,0,0,0,0,0
196,414.71,0,12.7,681.9,0.6,4.5,0.1492,0.339,15.314,0,0,0,0,0,0,0,22.74,0,0,0,0,0,0,0,0,0,0.261,0,0,0,0,0,0,0,0,0,1.434,0,0,0,0,0,0,0,0,0,7.9,38.18,98,0,0,0,0,0,0,0,0
197,416.29,0,17,681.6,0.56,4.5,0.2184,0.382,14.9,0,0,0,0,0,0,0,25.98,0,0,0,0,0,0,0,0,0,0.382,0,0,0,0,0,0,0,0,0,1.52,0,0,0,0,0,0,0,0,0,8.8,42.21,107,0,0,0,0,0,0,0,0
198,417.86,0,8,681.2,0.55,3.5,0.222,0.31,15.271,0,0,0,0,0,0,0,22.74,0,0,0,0,0,0,0,0,0,0.388,0,0,0,0,0,0,0,0,0,1.443,0,0,0,0,0,0,0,0,0,8.4,36.45,87,0,0,0,0,0,0,0,0
199,419.43,0,8,680.9,0.56,3,0.2038,0.25,15.643,0,0,0,0,0,0,0,29.23,0,0,0,0,0,0,0,0,0,0.356,0,0,0,0,0,0,0,0,0,1.366,0,0,0,0,0,0,0,0,0,8.3,33.89,77,0,0,0,0,0,0,0,0
200,421,0,30,680.5,0.53,5,0.2002,0.47,16.014,0,0,0,0,0,0,0,22.74,0,0,0,0,0,0,0,0,0,0.35,0,0,0,0,0,0,0,0,0,1.289,0,0,0,0,0,0,0,0,0,8.4,35.75,80,0,0,0,0,0,0,0,0
201,422.57,0,23,680.1,0.57,4,0.1893,0.13,16.386,0,0,0,0,0,0,0,19.49,0,0,0,0,0,0,0,0,0,0.331,0,0,0,0,0,0,0,0,0,1.211,0,0,0,0,0,0,0,0,0,8.7,38.92,91,0,0,0,0,0,0,0,0
202,424.14,0,32,679.8,0.48,2,0.0692,0.081,16.757,0,0,0,0,0,0,0,16.24,0,0,0,0,0,0,0,0,0,0.121,0,0,0,0,0,0,0,0,0,1.134,0,0,0,0,0,0,0,0,0,9.4,34.03,79,0,0,0,0,0,0,0,0
203,425.71,0,41,679.4,0.45,4,0.182,0.12,17.129,0,0,0,0,0,0,0,22.74,0,0,0,0,0,0,0,0,0,0.318,0,0,0,0,0,0,0,0,0,1.057,0,0,0,0,0,0,0,0,0,8.2,19.38,48,0,0,0,0,0,0,0,0
204,427.29,0,50,679.1,0.5,4,0.1492,0.22,17.5,0,0,0,0,0,0,0,16.24,0,0,0,0,0,0,0,0,0,0.261,0,0,0,0,0,0,0,0,0,0.98,0,0,0,0,0,0,0,0,0,8.2,36.69,89,0,0,0,0,0,0,0,0
205,428.86,0,170,678.7,0.45,4,0.2148,0.2,17.457,0,0,0,0,0,0,0,19.49,0,0,0,0,0,0,0,0,0,0.375,0,0,0,0,0,0,0,0,0,0.989,0,0,0,0,0,0,0,0,0,8.3,39.72,96,0,0,0,0,0,0,0,0
206,430.43,0,110,678.4,0.47,5,0.2257,0.18,17.414,0,0,0,0,0,0,0,15.9,0,0,0,0,0,0,0,0,0,0.394,0,0,0,0,0,0,0,0,0,0.997,0,0,0,0,0,0,0,0,0,8.4,33.33,79,0,0,0,0,0,0,0,0
207,432,0,17,678,0.46,8,0.2184,0.12,17.371,0,0,0,0,0,0,0,22.74,0,0,0,0,0,0,0,0,0,0.382,0,0,0,0,0,0,0,0,0,1.006,0,0,0,0,0,0,0,0,0,8.3,37.73,87,0,0,0,0,0,0,0,0
208,428,0,30,677.2,0.45,3,0.1529,0.53,17.329,0,0,0,0,0,0,0,12.99,0,0,0,0,0,0,0,0,0,0.267,0,0,0,0,0,0,0,0,0,1.014,0,0,0,0,0,0,0,0,0,8.3,36.05,80,0,0,0,0,0,0,0,0
209,424,0,30,676.3,0.43,2,0.1638,0.081,17.286,0,0,0,0,0,0,0,22.74,0,0,0,0,0,0,0,0,0,0.286,0,0,0,0,0,0,0,0,0,1.023,0,0,0,0,0,0,0,0,0,8.1,33.55,76,0,0,0,0,0,0,0,0
210,420,0,30,675.5,0.53,2.5,0.1674,0.22,17.243,0,0,0,0,0,0,0,19.49,0,0,0,0,0,0,0,0,0,0.293,0,0,0,0,0,0,0,0,0,1.031,0,0,0,0,0,0,0,0,0,7.5,33.37,81,0,0,0,0,0,0,0,0
211,416,0,30,674.6,0.48,4,0.2293,0.26,17.2,0,0,0,0,0,0,0,29.23,0,0,0,0,0,0,0,0,0,0.401,0,0,0,0,0,0,0,0,0,1.04,0,0,0,0,0,0,0,0,0,8.6,37.09,92,0,0,0,0,0,0,0,0
212,412,0,8,673.8,0.49,10,0.2293,0.17,17.136,0,0,0,0,0,0,0,12.99,0,0,0,0,0,0,0,0,0,0.401,0,0,0,0,0,0,0,0,0,1.163,0,0,0,0,0,0,0,0,0,8.4,31.32,87,0,0,0,0,0,0,0,0
213,408,0,23,672.9,0.49,6,0.1966,0.3,17.071,0,0,0,0,0,0,0,16.24,0,0,0,0,0,0,0,0,0,0.343,0,0,0,0,0,0,0,0,0,1.286,0,0,0,0,0,0,0,0,0,8.2,41.44,84,0,0,0,0,0,0,0,0
214,404,0,17,672.1,0.54,1,0.2293,0.2,17.007,0,0,0,0,0,0,0,19.49,0,0,0,0,0,0,0,0,0,0.401,0,0,0,0,0,0,0,0,0,1.409,0,0,0,0,0,0,0,0,0,8.1,30.66,74,0,0,0,0,0,0,0,0
215,400,0,80,671.2,0.52,3,0.233,0.2,16.943,0,0,0,0,0,0,0,19.49,0,0,0,0,0,0,0,0,0,0.407,0,0,0,0,0,0,0,0,0,1.531,0,0,0,0,0,0,0,0,0,8.4,29.98,75,0,0,0,0,0,0,0,0
216,396,0,62,670.4,0.51,4,0.1602,0.2,16.879,0,0,0,0,0,0,0,22.74,0,0,0,0,0,0,0,0,0,0.28,0,0,0,0,0,0,0,0,0,1.654,0,0,0,0,0,0,0,0,0,8.4,33.41,76,0,0,0,0,0,0,0,0
217,392,0,44,669.5,0.51,4,0.2002,0.3,16.814,0,0,0,0,0,0,0,16.24,0,0,0,0,0,0,0,0,0,0.35,0,0,0,0,0,0,0,0,0,1.777,0,0,0,0,0,0,0,0,0,8.4,31.92,79,0,0,0,0,0,0,0,0
218,388,0,26,668.7,0.53,4,0.2111,0.5,16.75,0,0,0,0,0,0,0,19.49,0,0,0,0,0,0,0,0,0,0.369,0,0,0,0,0,0,0,0,0,1.9,0,0,0,0,0,0,0,0,0,9.2,35.19,85,0,0,0,0,0,0,0,0
219,384,0,17,667.8,0.54,3,0.1929,0.5,16.783,0,0,0,0,0,0,0,22.74,0,0,0,0,0,0,0,0,0,0.337,0,0,0,0,0,0,0,0,0,1.843,0,0,0,0,0,0,0,0,0,8.5,40.18,94,0,0,0,0,0,0,0,0
220,380,0,30,667,0.54,2,0.1674,0.4,16.816,0,0,0,0,0,0,0,22.6,0,0,0,0,0,0,0,0,0,0.293,0,0,0,0,0,0,0,0,0,1.786,0,0,0,0,0,0,0,0,0,7.9,35.73,80,0,0,0,0,0,0,0,0
221,410,0,17,685,0.54,3,0.1674,0.4,16.849,0,0,0,0,0,0,0,16.24,0,0,0,0,0,0,0,0,0,0.293,0,0,0,0,0,0,0,0,0,1.729,0,0,0,0,0,0,0,0,0,8.2,35.73,80,0,0,0,0,0,0,0,0
222,405.43,0,13,685.1,0.5,3,0.1638,0.5,16.881,0,0,0,0,0,0,0,12.99,0,0,0,0,0,0,0,0,0,0.286,0,0,0,0,0,0,0,0,0,1.671,0,0,0,0,0,0,0,0,0,7.9,36.68,80,0,0,0,0,0,0,0,0
223,400.86,0,25.3,685.1,0.5,3,0.1638,0.5,16.914,0,0,0,0,0,0,0,16.24,0,0,0,0,0,0,0,0,0,0.286,0,0,0,0,0,0,0,0,0,1.614,0,0,0,0,0,0,0,0,0,7.4,35.03,80,0,0,0,0,0,0,0,0
224,396.29,0,37.7,685.2,0.54,3,0.1966,3.2,16.947,0,0,0,0,0,0,0,19.49,0,0,0,0,0,0,0,0,0,0.343,0,0,0,0,0,0,0,0,0,1.557,0,0,0,0,0,0,0,0,0,8.1,38.1,91,0,0,0,0,0,0,0,0
225,391.71,0,50,685.3,0.5,4,0.1638,0.7,16.98,0,0,0,0,0,0,0,22.74,0,0,0,0,0,0,0,0,0,0.286,0,0,0,0,0,0,0,0,0,1.5,0,0,0,0,0,0,0,0,0,9,34.7,81,0,0,0,0,0,0,0,0
226,387.14,0,23,685.4,0.59,3,0.0764,1.2,17.244,0,0,0,0,0,0,0,16.24,0,0,0,0,0,0,0,0,0,0.134,0,0,0,0,0,0,0,0,0,1.33,0,0,0,0,0,0,0,0,0,7.8,39.21,95,0,0,0,0,0,0,0,0
227,382.57,0,13,685.4,0.52,3,0.1274,0.5,17.509,0,0,0,0,0,0,0,12.99,0,0,0,0,0,0,0,0,0,0.223,0,0,0,0,0,0,0,0,0,1.16,0,0,0,0,0,0,0,0,0,8.1,37.61,91,0,0,0,0,0,0,0,0
228,378,0,11,685.5,0.62,2,0.1638,0.7,17.773,0,0,0,0,0,0,0,9.74,0,0,0,0,0,0,0,0,0,0.286,0,0,0,0,0,0,0,0,0,0.99,0,0,0,0,0,0,0,0,0,8.3,38.21,96,0,0,0,0,0,0,0,0
229,373.43,0,30,685.6,0.61,4,0.1165,0.8,18.037,0,0,0,0,0,0,0,12.99,0,0,0,0,0,0,0,0,0,0.204,0,0,0,0,0,0,0,0,0,0.82,0,0,0,0,0,0,0,0,0,8.3,36.47,88,0,0,0,0,0,0,0,0
230,368.86,0,25.7,685.6,0.61,3,0.1128,0.4,18.301,0,0,0,0,0,0,0,16.24,0,0,0,0,0,0,0,0,0,0.197,0,0,0,0,0,0,0,0,0,0.65,0,0,0,0,0,0,0,0,0,8.6,38.34,95,0,0,0,0,0,0,0,0
231,364.29,0,21.3,685.7,0.61,3,0.1456,0.4,18.566,0,0,0,0,0,0,0,16.24,0,0,0,0,0,0,0,0,0,0.254,0,0,0,0,0,0,0,0,0,0.48,0,0,0,0,0,0,0,0,0,8.2,35.6,92,0,0,0,0,0,0,0,0
232,359.71,0,17,685.8,0.59,3,0.1529,1.89,18.83,0,0,0,0,0,0,0,19.49,0,0,0,0,0,0,0,0,0,0.267,0,0,0,0,0,0,0,0,0,0.31,0,0,0,0,0,0,0,0,0,8.3,38.67,102,0,0,0,0,0,0,0,0
233,355.14,0,13,685.9,0.67,2,0.0874,1.5,18.549,0,0,0,0,0,0,0,12.99,0,0,0,0,0,0,0,0,0,0.153,0,0,0,0,0,0,0,0,0,0.46,0,0,0,0,0,0,0,0,0,8.3,38.06,101,0,0,0,0,0,0,0,0
234,350.57,0,4,685.9,0.61,2,0.1165,1.39,18.267,0,0,0,0,0,0,0,16.24,0,0,0,0,0,0,0,0,0,0.204,0,0,0,0,0,0,0,0,0,0.61,0,0,0,0,0,0,0,0,0,8.1,38.18,99,0,0,0,0,0,0,0,0
235,346,0,4,686,0.58,2,0.1128,1.49,17.986,0,0,0,0,0,0,0,24.3,0,0,0,0,0,0,0,0,0,0.197,0,0,0,0,0,0,0,0,0,0.76,0,0,0,0,0,0,0,0,0,8.2,34.91,84,0,0,0,0,0,0,0,0
236,356,0,17,683.3,0.69,1,0.0946,0.16,17.704,0,0,0,0,0,0,0,16.24,0,0,0,0,0,0,0,0,0,0.165,0,0,0,0,0,0,0,0,0,0.91,0,0,0,0,0,0,0,0,0,8.3,33.45,82,0,0,0,0,0,0,0,0
237,366,0,21.3,680.7,0.62,4,0.1056,0.16,17.423,0,0,0,0,0,0,0,12.99,0,0,0,0,0,0,0,0,0,0.184,0,0,0,0,0,0,0,0,0,1.06,0,0,0,0,0,0,0,0,0,8,35.52,85,0,0,0,0,0,0,0,0
238,376,0,25.7,678,0.58,1,0.1165,0.32,17.141,0,0,0,0,0,0,0,16.24,0,0,0,0,0,0,0,0,0,0.204,0,0,0,0,0,0,0,0,0,1.21,0,0,0,0,0,0,0,0,0,7.8,38.01,94,0,0,0,0,0,0,0,0
239,386,0,30,675.3,0.56,2,0.142,0.44,16.86,0,0,0,0,0,0,0,19.49,0,0,0,0,0,0,0,0,0,0.248,0,0,0,0,0,0,0,0,0,1.36,0,0,0,0,0,0,0,0,0,8.1,38.2,101,0,0,0,0,0,0,0,0
240,396,0,8,672.7,0.59,4,0.1274,0.2,16.731,0,0,0,0,0,0,0,16.24,0,0,0,0,0,0,0,0,0,0.223,0,0,0,0,0,0,0,0,0,1.271,0,0,0,0,0,0,0,0,0,7.8,39.32,106,0,0,0,0,0,0,0,0
241,406,0,34,670,0.55,1,0.1092,0.081,16.603,0,0,0,0,0,0,0,18.2,0,0,0,0,0,0,0,0,0,0.191,0,0,0,0,0,0,0,0,0,1.183,0,0,0,0,0,0,0,0,0,8.1,39.13,96,0,0,0,0,0,0,0,0
242,392,0,4,664,0.59,3,0.1347,0.081,16.474,0,0,0,0,0,0,0,12.99,0,0,0,0,0,0,0,0,0,0.235,0,0,0,0,0,0,0,0,0,1.094,0,0,0,0,0,0,0,0,0,7.8,36.66,94,0,0,0,0,0,0,0,0
243,392.59,0,17,664.2,0.63,2,0.131,0.081,16.346,0,0,0,0,0,0,0,12.99,0,0,0,0,0,0,0,0,0,0.229,0,0,0,0,0,0,0,0,0,1.006,0,0,0,0,0,0,0,0,0,7.5,33.56,86,0,0,0,0,0,0,0,0
244,393.19,0,13.7,664.4,0.61,2.5,0.142,0.3,16.217,0,0,0,0,0,0,0,19.49,0,0,0,0,0,0,0,0,0,0.248,0,0,0,0,0,0,0,0,0,0.917,0,0,0,0,0,0,0,0,0,7.5,34.9,89,0,0,0,0,0,0,0,0
245,393.78,0,10.3,664.6,0.6,0.1,0.1529,0.24,16.089,0,0,0,0,0,0,0,19.49,0,0,0,0,0,0,0,0,0,0.267,0,0,0,0,0,0,0,0,0,0.829,0,0,0,0,0,0,0,0,0,8.5,38.14,99,0,0,0,0,0,0,0,0
246,394.37,0,7,664.7,0.59,2.5,0.1747,0.26,15.96,0,0,0,0,0,0,0,16.24,0,0,0,0,0,0,0,0,0,0.305,0,0,0,0,0,0,0,0,0,0.74,0,0,0,0,0,0,0,0,0,8.5,36.98,98,0,0,0,0,0,0,0,0
247,394.96,0,8,664.9,0.58,4,0.1747,0.23,16.1,0,0,0,0,0,0,0,19.49,0,0,0,0,0,0,0,0,0,0.305,0,0,0,0,0,0,0,0,0,0.806,0,0,0,0,0,0,0,0,0,8.5,46.69,123,0,0,0,0,0,0,0,0
248,395.56,0,17,665.1,0.59,2.5,0.1711,0.34,16.24,0,0,0,0,0,0,0,19.49,0,0,0,0,0,0,0,0,0,0.299,0,0,0,0,0,0,0,0,0,0.871,0,0,0,0,0,0,0,0,0,8.2,40.16,98,0,0,0,0,0,0,0,0
249,396.15,0,14,665.3,0.56,2,0.1747,0.17,16.38,0,0,0,0,0,0,0,22.74,0,0,0,0,0,0,0,0,0,0.305,0,0,0,0,0,0,0,0,0,0.937,0,0,0,0,0,0,0,0,0,7.4,33.55,79,0,0,0,0,0,0,0,0
250,396.74,0,50,665.5,0.57,3,0.1856,0.3,16.52,0,0,0,0,0,0,0,22.74,0,0,0,0,0,0,0,0,0,0.324,0,0,0,0,0,0,0,0,0,1.003,0,0,0,0,0,0,0,0,0,7.6,35.19,84,0,0,0,0,0,0,0,0
251,397.33,0,38,665.7,0.57,4.5,0.1784,0.44,16.66,0,0,0,0,0,0,0,22.74,0,0,0,0,0,0,0,0,0,0.312,0,0,0,0,0,0,0,0,0,1.069,0,0,0,0,0,0,0,0,0,8.1,34.14,79,0,0,0,0,0,0,0,0
252,397.93,0,26,665.9,0.57,1.5,0.1638,0.2,16.8,0,0,0,0,0,0,0,19.49,0,0,0,0,0,0,0,0,0,0.286,0,0,0,0,0,0,0,0,0,1.134,0,0,0,0,0,0,0,0,0,8.6,36.11,92,0,0,0,0,0,0,0,0
253,398.52,0,14,666,0.57,4,0.2111,0.3,16.94,0,0,0,0,0,0,0,16.24,0,0,0,0,0,0,0,0,0,0.369,0,0,0,0,0,0,0,0,0,1.2,0,0,0,0,0,0,0,0,0,7.8,41.14,107,0,0,0,0,0,0,0,0
254,399.11,0,72,666.2,0.6,3,0.2184,0.53,17.1,0,0,0,0,0,0,0,25.98,0,0,0,0,0,0,0,0,0,0.382,0,0,0,0,0,0,0,0,0,1.156,0,0,0,0,0,0,0,0,0,8.5,37.98,93,0,0,0,0,0,0,0,0
255,399.7,0,130,666.4,0.51,3,0.2038,0.35,17.26,0,0,0,0,0,0,0,29.23,0,0,0,0,0,0,0,0,0,0.356,0,0,0,0,0,0,0,0,0,1.111,0,0,0,0,0,0,0,0,0,8.2,34.41,77,0,0,0,0,0,0,0,0
256,400.3,0,50,666.6,0.56,5,0.2402,0.6,17.42,0,0,0,0,0,0,0,19.49,0,0,0,0,0,0,0,0,0,0.42,0,0,0,0,0,0,0,0,0,1.067,0,0,0,0,0,0,0,0,0,11.8,34.22,77,0,0,0,0,0,0,0,0
257,400.89,0,22,666.8,0.54,4,0.2366,0.48,17.58,0,0,0,0,0,0,0,19.49,0,0,0,0,0,0,0,0,0,0.413,0,0,0,0,0,0,0,0,0,1.023,0,0,0,0,0,0,0,0,0,8.7,40.25,86,0,0,0,0,0,0,0,0
258,401.48,0,58,667,0.52,5.5,0.1929,0.35,17.74,0,0,0,0,0,0,0,19.49,0,0,0,0,0,0,0,0,0,0.337,0,0,0,0,0,0,0,0,0,0.979,0,0,0,0,0,0,0,0,0,7.6,34.83,67,0,0,0,0,0,0,0,0
259,402.07,0,94,667.1,0.53,5,0.2148,0.55,17.9,0,0,0,0,0,0,0,22.74,0,0,0,0,0,0,0,0,0,0.375,0,0,0,0,0,0,0,0,0,0.934,0,0,0,0,0,0,0,0,0,8.5,40.22,90,0,0,0,0,0,0,0,0
260,402.67,0,130,667.3,0.58,4,0.2002,0.31,18.06,0,0,0,0,0,0,0,25.98,0,0,0,0,0,0,0,0,0,0.35,0,0,0,0,0,0,0,0,0,0.89,0,0,0,0,0,0,0,0,0,7.9,43.21,95,0,0,0,0,0,0,0,0
261,403.26,0,8,667.5,0.66,4,0.2002,0.45,18.174,0,0,0,0,0,0,0,22.74,0,0,0,0,0,0,0,0,0,0.35,0,0,0,0,0,0,0,0,0,0.819,0,0,0,0,0,0,0,0,0,8,38.84,77,0,0,0,0,0,0,0,0
262,403.85,0,14,667.7,0.48,2.5,0.1747,0.65,18.289,0,0,0,0,0,0,0,16.24,0,0,0,0,0,0,0,0,0,0.305,0,0,0,0,0,0,0,0,0,0.747,0,0,0,0,0,0,0,0,0,8.6,35.54,71,0,0,0,0,0,0,0,0
263,404.44,0,17,667.9,0.7,4,0.1565,0.75,18.403,0,0,0,0,0,0,0,12.99,0,0,0,0,0,0,0,0,0,0.273,0,0,0,0,0,0,0,0,0,0.676,0,0,0,0,0,0,0,0,0,7.9,30.92,62.5,0,0,0,0,0,0,0,0
264,405.04,0,14,668.1,0.58,4,0.1674,0.83,18.517,0,0,0,0,0,0,0,22.74,0,0,0,0,0,0,0,0,0,0.293,0,0,0,0,0,0,0,0,0,0.604,0,0,0,0,0,0,0,0,0,8.2,27.54,54,0,0,0,0,0,0,0,0
265,405.63,0,18.3,668.3,0.58,4,0.1638,0.7,18.631,0,0,0,0,0,0,0,19.49,0,0,0,0,0,0,0,0,0,0.286,0,0,0,0,0,0,0,0,0,0.533,0,0,0,0,0,0,0,0,0,7.4,32.39,66,0,0,0,0,0,0,0,0
266,406.22,0,22.7,668.4,0.57,2,0.1747,0.65,18.746,0,0,0,0,0,0,0,19.49,0,0,0,0,0,0,0,0,0,0.305,0,0,0,0,0,0,0,0,0,0.461,0,0,0,0,0,0,0,0,0,7.9,37.98,87,0,0,0,0,0,0,0,0
267,406.81,0,27,668.6,0.57,2,0.1674,0.71,18.86,0,0,0,0,0,0,0,19.49,0,0,0,0,0,0,0,0,0,0.293,0,0,0,0,0,0,0,0,0,0.39,0,0,0,0,0,0,0,0,0,8.1,45.7,100,0,0,0,0,0,0,0,0
268,407.41,0,50,668.8,0.55,3,0.1201,0.73,18.591,0,0,0,0,0,0,0,19.49,0,0,0,0,0,0,0,0,0,0.21,0,0,0,0,0,0,0,0,0,0.396,0,0,0,0,0,0,0,0,0,7.9,43.03,85,0,0,0,0,0,0,0,0
269,408,0,7,669,0.54,3,0.1383,0.5,18.323,0,0,0,0,0,0,0,23.1,0,0,0,0,0,0,0,0,0,0.242,0,0,0,0,0,0,0,0,0,0.401,0,0,0,0,0,0,0,0,0,8.2,41.58,82,0,0,0,0,0,0,0,0
270,408,0,50,669,0.58,2,0.142,0.52,18.054,0,0,0,0,0,0,0,19.49,0,0,0,0,0,0,0,0,0,0.248,0,0,0,0,0,0,0,0,0,0.407,0,0,0,0,0,0,0,0,0,7.9,40.06,81,0,0,0,0,0,0,0,0
271,408,0,50,669,0.56,5,0.1456,0.63,17.786,0,0,0,0,0,0,0,16.24,0,0,0,0,0,0,0,0,0,0.254,0,0,0,0,0,0,0,0,0,0.413,0,0,0,0,0,0,0,0,0,7.8,40.19,76,0,0,0,0,0,0,0,0
272,408,0,38,669,0.59,1,0.142,0.72,17.517,0,0,0,0,0,0,0,16.24,0,0,0,0,0,0,0,0,0,0.248,0,0,0,0,0,0,0,0,0,0.419,0,0,0,0,0,0,0,0,0,8.4,44.05,85,0,0,0,0,0,0,0,0
273,408,0,26,669,0.58,2,0.1784,0.29,17.249,0,0,0,0,0,0,0,16.24,0,0,0,0,0,0,0,0,0,0.312,0,0,0,0,0,0,0,0,0,0.424,0,0,0,0,0,0,0,0,0,8.5,46.38,100,0,0,0,0,0,0,0,0
274,408,0,14,669,0.57,3,0.1602,0.47,16.98,0,0,0,0,0,0,0,22.74,0,0,0,0,0,0,0,0,0,0.28,0,0,0,0,0,0,0,0,0,0.43,0,0,0,0,0,0,0,0,0,8.2,42.84,98,0,0,0,0,0,0,0,0
275,408,0,130,669,0.59,3,0.1456,0.48,17.021,0,0,0,0,0,0,0,22.74,0,0,0,0,0,0,0,0,0,0.254,0,0,0,0,0,0,0,0,0,0.834,0,0,0,0,0,0,0,0,0,8.4,40.29,87,0,0,0,0,0,0,0,0
276,408,0,17,669,0.58,5,0.1893,0.59,17.063,0,0,0,0,0,0,0,19.49,0,0,0,0,0,0,0,0,0,0.331,0,0,0,0,0,0,0,0,0,1.239,0,0,0,0,0,0,0,0,0,8.1,36.56,78,0,0,0,0,0,0,0,0
277,408,0,17,669,0.56,4,0.1966,0.36,17.104,0,0,0,0,0,0,0,23.1,0,0,0,0,0,0,0,0,0,0.343,0,0,0,0,0,0,0,0,0,1.643,0,0,0,0,0,0,0,0,0,8,35.11,74,0,0,0,0,0,0,0,0
278,408,0,23,669,0.57,5.5,0.2184,0.42,17.146,0,0,0,0,0,0,0,12.99,0,0,0,0,0,0,0,0,0,0.382,0,0,0,0,0,0,0,0,0,2.047,0,0,0,0,0,0,0,0,0,8.3,28.45,64,0,0,0,0,0,0,0,0
279,408,0,32,669,0.57,3.5,0.2657,0.44,17.187,0,0,0,0,0,0,0,22.74,0,0,0,0,0,0,0,0,0,0.464,0,0,0,0,0,0,0,0,0,2.451,0,0,0,0,0,0,0,0,0,8.2,33.34,79,0,0,0,0,0,0,0,0
280,408,0,41,669,0.55,3.5,0.2512,0.42,17.229,0,0,0,0,0,0,0,29.23,0,0,0,0,0,0,0,0,0,0.439,0,0,0,0,0,0,0,0,0,2.856,0,0,0,0,0,0,0,0,0,8.8,37.82,95,0,0,0,0,0,0,0,0
281,408,0,50,669,0.52,5,0.2912,0.34,17.27,0,0,0,0,0,0,0,32.48,0,0,0,0,0,0,0,0,0,0.509,0,0,0,0,0,0,0,0,0,3.26,0,0,0,0,0,0,0,0,0,8.8,38.79,99,0,0,0,0,0,0,0,0
282,408,0,8,669,0.6,4,0.2803,0.47,17.177,0,0,0,0,0,0,0,19.49,0,0,0,0,0,0,0,0,0,0.49,0,0,0,0,0,0,0,0,0,3.073,0,0,0,0,0,0,0,0,0,8.3,34.7,84,0,0,0,0,0,0,0,0
283,408,0,17,669,0.55,3.5,0.3094,0.51,17.084,0,0,0,0,0,0,0,22.74,0,0,0,0,0,0,0,0,0,0.541,0,0,0,0,0,0,0,0,0,2.886,0,0,0,0,0,0,0,0,0,8.6,32.92,74,0,0,0,0,0,0,0,0
284,408,0,17,669,0.54,4,0.2184,0.69,16.991,0,0,0,0,0,0,0,19.49,0,0,0,0,0,0,0,0,0,0.382,0,0,0,0,0,0,0,0,0,2.699,0,0,0,0,0,0,0,0,0,8.3,26.8,57,0,0,0,0,0,0,0,0
285,408,0,23,669,0.52,4,0.2584,0.58,16.899,0,0,0,0,0,0,0,22.74,0,0,0,0,0,0,0,0,0,0.452,0,0,0,0,0,0,0,0,0,2.511,0,0,0,0,0,0,0,0,0,8.8,39.06,82,0,0,0,0,0,0,0,0
286,408,0,25.3,669,0.56,4,0.1929,0.44,16.806,0,0,0,0,0,0,0,23.1,0,0,0,0,0,0,0,0,0,0.337,0,0,0,0,0,0,0,0,0,2.324,0,0,0,0,0,0,0,0,0,9.6,36.68,78,0,0,0,0,0,0,0,0
287,408,0,27.7,669,0.59,1,0.2002,0.39,16.713,0,0,0,0,0,0,0,19.49,0,0,0,0,0,0,0,0,0,0.35,0,0,0,0,0,0,0,0,0,2.137,0,0,0,0,0,0,0,0,0,8.4,39.42,96,0,0,0,0,0,0,0,0
288,408,0,30,669,0.57,3.5,0.2184,0.45,16.62,0,0,0,0,0,0,0,19.49,0,0,0,0,0,0,0,0,0,0.382,0,0,0,0,0,0,0,0,0,1.95,0,0,0,0,0,0,0,0,0,8.6,39.78,98,0,0,0,0,0,0,0,0
289,408,0,23,669,0.54,4,0.2038,0.55,16.329,0,0,0,0,0,0,0,22.74,0,0,0,0,0,0,0,0,0,0.356,0,0,0,0,0,0,0,0,0,1.903,0,0,0,0,0,0,0,0,0,9,38.51,86,0,0,0,0,0,0,0,0
290,408,0,8,669,0.55,5,0.2257,0.38,16.037,0,0,0,0,0,0,0,19.49,0,0,0,0,0,0,0,0,0,0.394,0,0,0,0,0,0,0,0,0,1.856,0,0,0,0,0,0,0,0,0,8.9,35.14,76,0,0,0,0,0,0,0,0
291,408,0,30,669,0.54,5,0.2184,0.3,15.746,0,0,0,0,0,0,0,22.74,0,0,0,0,0,0,0,0,0,0.382,0,0,0,0,0,0,0,0,0,1.809,0,0,0,0,0,0,0,0,0,8.4,35.32,75,0,0,0,0,0,0,0,0
292,408,0,40,669,0.53,3,0.2621,0.94,15.454,0,0,0,0,0,0,0,19.49,0,0,0,0,0,0,0,0,0,0.458,0,0,0,0,0,0,0,0,0,1.761,0,0,0,0,0,0,0,0,0,7.9,33.58,76,0,0,0,0,0,0,0,0
293,408,0,34.3,669,0.61,2,0.4878,0.39,15.163,0,0,0,0,0,0,0,16.24,0,0,0,0,0,0,0,0,0,0.852,0,0,0,0,0,0,0,0,0,1.714,0,0,0,0,0,0,0,0,0,8.7,35.67,95,0,0,0,0,0,0,0,0
294,408,0,28.7,669,0.45,3,0.7062,0.73,14.871,0,0,0,0,0,0,0,25.98,0,0,0,0,0,0,0,0,0,1.234,0,0,0,0,0,0,0,0,0,1.667,0,0,0,0,0,0,0,0,0,8.1,38.9,110,0,0,0,0,0,0,0,0
295,408,0,23,669,0.56,0.5,0.7462,0.38,14.58,0,0,0,0,0,0,0,29.23,0,0,0,0,0,0,0,0,0,1.304,0,0,0,0,0,0,0,0,0,1.62,0,0,0,0,0,0,0,0,0,8.7,40.28,113,0,0,0,0,0,0,0,0
296,408,0,240,669,0.32,0.1,0.7826,0.55,14.921,0,0,0,0,0,0,0,32.48,0,0,0,0,0,0,0,0,0,1.367,0,0,0,0,0,0,0,0,0,1.57,0,0,0,0,0,0,0,0,0,8.9,36.13,99,0,0,0,0,0,0,0,0
297,408,0,80,669,0.37,2,0.9573,0.79,15.263,0,0,0,0,0,0,0,25.98,0,0,0,0,0,0,0,0,0,1.673,0,0,0,0,0,0,0,0,0,1.52,0,0,0,0,0,0,0,0,0,8.9,35.88,100,0,0,0,0,0,0,0,0
298,408,0,900,669,0.45,0.1,0.9682,0.62,15.604,0,0,0,0,0,0,0,25.98,0,0,0,0,0,0,0,0,0,1.692,0,0,0,0,0,0,0,0,0,1.47,0,0,0,0,0,0,0,0,0,9.2,39.1,105,0,0,0,0,0,0,0,0
299,408,0,80,669,0.47,1,1.0083,0.57,15.946,0,0,0,0,0,0,0,29.23,0,0,0,0,0,0,0,0,0,1.762,0,0,0,0,0,0,0,0,0,1.42,0,0,0,0,0,0,0,0,0,8.1,36.7,99,0,0,0,0,0,0,0,0
300,408,0,586.7,669,0.39,2,1.092,0.52,16.287,0,0,0,0,0,0,0,32.48,0,0,0,0,0,0,0,0,0,1.908,0,0,0,0,0,0,0,0,0,1.37,0,0,0,0,0,0,0,0,0,8.5,36.66,100,0,0,0,0,0,0,0,0
301,408,0,1093.3,669,0.18,2,1.0338,0.24,16.629,0,0,0,0,0,0,0,29.23,0,0,0,0,0,0,0,0,0,1.806,0,0,0,0,0,0,0,0,0,1.32,0,0,0,0,0,0,0,0,0,8.7,34.02,99,0,0,0,0,0,0,0,0
302,408,0,1600,669,0.25,2,1.0156,0.53,16.97,0,0,0,0,0,0,0,23.1,0,0,0,0,0,0,0,0,0,1.774,0,0,0,0,0,0,0,0,0,1.27,0,0,0,0,0,0,0,0,0,9,42.83,120,0,0,0,0,0,0,0,0
303,408,0,900,669,0.35,4,0.95,2.44,16.937,0,0,0,0,0,0,0,45.47,0,0,0,0,0,0,0,0,0,1.66,0,0,0,0,0,0,0,0,0,1.454,0,0,0,0,0,0,0,0,0,8.5,42.37,104,0,0,0,0,0,0,0,0
304,408,0,1600,669,0.4,2.5,0.7244,0.92,16.904,0,0,0,0,0,0,0,35.73,0,0,0,0,0,0,0,0,0,1.266,0,0,0,0,0,0,0,0,0,1.639,0,0,0,0,0,0,0,0,0,8.8,38.39,85,0,0,0,0,0,0,0,0
305,408,0,1200,669,0.41,0.1,0.9864,0.77,16.871,0,0,0,0,0,0,0,48.72,0,0,0,0,0,0,0,0,0,1.724,0,0,0,0,0,0,0,0,0,1.823,0,0,0,0,0,0,0,0,0,8.6,41.58,105,0,0,0,0,0,0,0,0
306,408,0,1600,669,0.56,5,1.0993,0.79,16.839,0,0,0,0,0,0,0,68.21,0,0,0,0,0,0,0,0,0,1.921,0,0,0,0,0,0,0,0,0,2.007,0,0,0,0,0,0,0,0,0,8.3,43.29,113,0,0,0,0,0,0,0,0
307,408,0,50,669,0.58,5,1.092,0.46,16.806,0,0,0,0,0,0,0,45.47,0,0,0,0,0,0,0,0,0,1.908,0,0,0,0,0,0,0,0,0,2.191,0,0,0,0,0,0,0,0,0,8.8,38.28,108,0,0,0,0,0,0,0,0
308,408,0,50,669,0.55,3,1.143,0.16,16.773,0,0,0,0,0,0,0,51.97,0,0,0,0,0,0,0,0,0,1.997,0,0,0,0,0,0,0,0,0,2.376,0,0,0,0,0,0,0,0,0,8.7,40.58,117,0,0,0,0,0,0,0,0
309,408,0,900,669,0.54,8,1.143,0.74,16.74,0,0,0,0,0,0,0,61.71,0,0,0,0,0,0,0,0,0,1.997,0,0,0,0,0,0,0,0,0,2.56,0,0,0,0,0,0,0,0,0,8.9,42.43,124,0,0,0,0,0,0,0,0
310,408,0,1600,669,0.65,2.5,1.092,3.56,16.926,0,0,0,0,0,0,0,97.44,0,0,0,0,0,0,0,0,0,1.908,0,0,0,0,0,0,0,0,0,2.683,0,0,0,0,0,0,0,0,0,8.3,42.65,125,0,0,0,0,0,0,0,0
311,408,0,1600,669,0.67,4,1.0265,1.64,17.111,0,0,0,0,0,0,0,74.7,0,0,0,0,0,0,0,0,0,1.794,0,0,0,0,0,0,0,0,0,2.806,0,0,0,0,0,0,0,0,0,9.3,43.86,116,0,0,0,0,0,0,0,0
312,408,0,500,669,0.64,4,1.3177,0.68,17.297,0,0,0,0,0,0,0,74.7,0,0,0,0,0,0,0,0,0,2.302,0,0,0,0,0,0,0,0,0,2.929,0,0,0,0,0,0,0,0,0,8.6,41.02,104,0,0,0,0,0,0,0,0
313,408,0,1600,669,0.63,4,1.2303,0.56,17.483,0,0,0,0,0,0,0,61.71,0,0,0,0,0,0,0,0,0,2.15,0,0,0,0,0,0,0,0,0,3.051,0,0,0,0,0,0,0,0,0,8.1,35.52,94,0,0,0,0,0,0,0,0
314,408,0,144,669,0.57,3,1.2267,0.27,17.669,0,0,0,0,0,0,0,64.96,0,0,0,0,0,0,0,0,0,2.143,0,0,0,0,0,0,0,0,0,3.174,0,0,0,0,0,0,0,0,0,9.3,37.89,101,0,0,0,0,0,0,0,0
315,408,0,300,669,0.56,3,1.1357,0.47,17.854,0,0,0,0,0,0,0,74.7,0,0,0,0,0,0,0,0,0,1.984,0,0,0,0,0,0,0,0,0,3.297,0,0,0,0,0,0,0,0,0,9.2,41.43,116,0,0,0,0,0,0,0,0
316,408,0,1600,669,0.5,5,1.1502,1.18,18.04,0,0,0,0,0,0,0,71.46,0,0,0,0,0,0,0,0,0,2.01,0,0,0,0,0,0,0,0,0,3.42,0,0,0,0,0,0,0,0,0,8.9,42.02,122,0,0,0,0,0,0,0,0
317,408,0,300,669,0.76,4,1.143,1.8,17.951,0,0,0,0,0,0,0,84.45,0,0,0,0,0,0,0,0,0,1.997,0,0,0,0,0,0,0,0,0,3.287,0,0,0,0,0,0,0,0,0,8.6,45.62,122,0,0,0,0,0,0,0,0
318,408,0,130,669,0.64,4.5,1.132,0.8,17.863,0,0,0,0,0,0,0,74.7,0,0,0,0,0,0,0,0,0,1.978,0,0,0,0,0,0,0,0,0,3.154,0,0,0,0,0,0,0,0,0,8.7,42.37,110,0,0,0,0,0,0,0,0
319,408,0,117,669,0.61,4,1.1575,1.42,17.774,0,0,0,0,0,0,0,84.45,0,0,0,0,0,0,0,0,0,2.022,0,0,0,0,0,0,0,0,0,3.021,0,0,0,0,0,0,0,0,0,8.5,41.19,103,0,0,0,0,0,0,0,0
320,408,0,71,669,0.74,4,1.3468,1.86,17.686,0,0,0,0,0,0,0,87.7,0,0,0,0,0,0,0,0,0,2.353,0,0,0,0,0,0,0,0,0,2.889,0,0,0,0,0,0,0,0,0,8.3,42.12,105,0,0,0,0,0,0,0,0
321,408,0,49,669,0.56,4,0.6843,1.24,17.597,0,0,0,0,0,0,0,58.46,0,0,0,0,0,0,0,0,0,1.196,0,0,0,0,0,0,0,0,0,2.756,0,0,0,0,0,0,0,0,0,8.3,34.4,75,0,0,0,0,0,0,0,0
322,408,0,219,669,0.7,0.1,0.7608,0.081,17.509,0,0,0,0,0,0,0,51.97,0,0,0,0,0,0,0,0,0,1.329,0,0,0,0,0,0,0,0,0,2.623,0,0,0,0,0,0,0,0,0,9.1,43.48,104,0,0,0,0,0,0,0,0
323,408,0,80,669,0.73,2,0.9864,1.11,17.42,0,0,0,0,0,0,0,58.46,0,0,0,0,0,0,0,0,0,1.724,0,0,0,0,0,0,0,0,0,2.49,0,0,0,0,0,0,0,0,0,9.2,35.44,123,0,0,0,0,0,0,0,0
324,408,0,50,669,0.81,3,1.0702,1.27,17.361,0,0,0,0,0,0,0,64.96,0,0,0,0,0,0,0,0,0,1.87,0,0,0,0,0,0,0,0,0,2.596,0,0,0,0,0,0,0,0,0,8.6,42.73,115,0,0,0,0,0,0,0,0
325,408,0,14,669,0.65,1,1.1102,0.8,17.303,0,0,0,0,0,0,0,48.72,0,0,0,0,0,0,0,0,0,1.94,0,0,0,0,0,0,0,0,0,2.701,0,0,0,0,0,0,0,0,0,9.1,41.31,104,0,0,0,0,0,0,0,0
326,408,0,2,669,0.93,3,0.8918,0.42,17.244,0,0,0,0,0,0,0,42.22,0,0,0,0,0,0,0,0,0,1.558,0,0,0,0,0,0,0,0,0,2.807,0,0,0,0,0,0,0,0,0,8.5,39.9,106,0,0,0,0,0,0,0,0
327,408,0,50,669,0.71,2,0.9246,0.7,17.186,0,0,0,0,0,0,0,48.72,0,0,0,0,0,0,0,0,0,1.615,0,0,0,0,0,0,0,0,0,2.913,0,0,0,0,0,0,0,0,0,9.2,36.96,96,0,0,0,0,0,0,0,0
328,408,0,8,669,0.92,1,1.0884,0.7,17.127,0,0,0,0,0,0,0,45.47,0,0,0,0,0,0,0,0,0,1.902,0,0,0,0,0,0,0,0,0,3.019,0,0,0,0,0,0,0,0,0,9.2,36.56,101,0,0,0,0,0,0,0,0
329,408,0,30,669,0.57,4,1.1029,0.23,17.069,0,0,0,0,0,0,0,71.46,0,0,0,0,0,0,0,0,0,1.927,0,0,0,0,0,0,0,0,0,3.124,0,0,0,0,0,0,0,0,0,8.8,37.59,108,0,0,0,0,0,0,0,0
330,408,0,49,669,0.76,1,1.0665,0.27,17.01,0,0,0,0,0,0,0,74.7,0,0,0,0,0,0,0,0,0,1.863,0,0,0,0,0,0,0,0,0,3.23,0,0,0,0,0,0,0,0,0,9.3,36.44,104,0,0,0,0,0,0,0,0
331,408,0,106,669,0.58,4,1.2194,0.6,16.769,0,0,0,0,0,0,0,74.7,0,0,0,0,0,0,0,0,0,2.131,0,0,0,0,0,0,0,0,0,3.19,0,0,0,0,0,0,0,0,0,8.6,39.64,107,0,0,0,0,0,0,0,0
332,408,0,20,669,0.79,4,1.2958,0.96,16.527,0,0,0,0,0,0,0,84.45,0,0,0,0,0,0,0,0,0,2.264,0,0,0,0,0,0,0,0,0,3.15,0,0,0,0,0,0,0,0,0,8.2,42.08,98,0,0,0,0,0,0,0,0
333,408,0,1600,669,0.77,4,1.0374,0.92,16.286,0,0,0,0,0,0,0,71.46,0,0,0,0,0,0,0,0,0,1.813,0,0,0,0,0,0,0,0,0,3.11,0,0,0,0,0,0,0,0,0,8.6,43.5,99,0,0,0,0,0,0,0,0
334,408,0,14,669,0.8,4,0.8518,1.51,16.044,0,0,0,0,0,0,0,71.46,0,0,0,0,0,0,0,0,0,1.488,0,0,0,0,0,0,0,0,0,3.07,0,0,0,0,0,0,0,0,0,8.7,40.33,92,0,0,0,0,0,0,0,0
335,408,0,358,669,0.5,0.1,0.8518,0.56,15.803,0,0,0,0,0,0,0,64.96,0,0,0,0,0,0,0,0,0,1.488,0,0,0,0,0,0,0,0,0,3.03,0,0,0,0,0,0,0,0,0,9.1,47.95,110,0,0,0,0,0,0,0,0
336,408,0,21,669,0.66,2,0.8263,0.45,15.561,0,0,0,0,0,0,0,35.73,0,0,0,0,0,0,0,0,0,1.444,0,0,0,0,0,0,0,0,0,2.99,0,0,0,0,0,0,0,0,0,8.8,41.3,103,0,0,0,0,0,0,0,0
337,408,0,81,669,0.69,1,0.8408,0.85,15.32,0,0,0,0,0,0,0,42.22,0,0,0,0,0,0,0,0,0,1.469,0,0,0,0,0,0,0,0,0,2.95,0,0,0,0,0,0,0,0,0,9.6,43.55,114,0,0,0,0,0,0,0,0
338,408,0,57,669,0.78,2,0.9682,0.37,15.747,0,0,0,0,0,0,0,35.73,0,0,0,0,0,0,0,0,0,1.692,0,0,0,0,0,0,0,0,0,2.899,0,0,0,0,0,0,0,0,0,9.1,43.21,112,0,0,0,0,0,0,0,0
339,408,0,21,669,0.76,3,0.9646,0.44,16.174,0,0,0,0,0,0,0,45.47,0,0,0,0,0,0,0,0,0,1.685,0,0,0,0,0,0,0,0,0,2.847,0,0,0,0,0,0,0,0,0,8.9,42.59,113,0,0,0,0,0,0,0,0
340,408,0,26,669,0.56,2,1.041,0.46,16.601,0,0,0,0,0,0,0,38.98,0,0,0,0,0,0,0,0,0,1.819,0,0,0,0,0,0,0,0,0,2.796,0,0,0,0,0,0,0,0,0,9.1,39.37,103,0,0,0,0,0,0,0,0
341,408,0,23,669,0.71,2,1.0774,0.43,17.029,0,0,0,0,0,0,0,55.22,0,0,0,0,0,0,0,0,0,1.883,0,0,0,0,0,0,0,0,0,2.744,0,0,0,0,0,0,0,0,0,8.1,40.76,108,0,0,0,0,0,0,0,0
342,408,0,30,669,0.56,2.5,1.2085,0.38,17.456,0,0,0,0,0,0,0,42.22,0,0,0,0,0,0,0,0,0,2.112,0,0,0,0,0,0,0,0,0,2.693,0,0,0,0,0,0,0,0,0,9.1,34.15,88,0,0,0,0,0,0,0,0
343,408,0,17,669,0.75,1,1.0774,0.35,17.883,0,0,0,0,0,0,0,42.22,0,0,0,0,0,0,0,0,0,1.883,0,0,0,0,0,0,0,0,0,2.641,0,0,0,0,0,0,0,0,0,9.7,38.88,107,0,0,0,0,0,0,0,0
344,408,0,240,669,0.68,3,1.1066,0.31,18.31,0,0,0,0,0,0,0,45.47,0,0,0,0,0,0,0,0,0,1.933,0,0,0,0,0,0,0,0,0,2.59,0,0,0,0,0,0,0,0,0,9.5,43.49,115,0,0,0,0,0,0,0,0
345,408,0,50,669,0.75,1.5,1.1794,0.18,17.4,0,0,0,0,0,0,0,45.47,0,0,0,0,0,0,0,0,0,2.061,0,0,0,0,0,0,0,0,0,2.569,0,0,0,0,0,0,0,0,0,9,39.35,99,0,0,0,0,0,0,0,0
346,408,0,17,669,1.09,3,1.2558,0.35,16.49,0,0,0,0,0,0,0,45.47,0,0,0,0,0,0,0,0,0,2.194,0,0,0,0,0,0,0,0,0,2.547,0,0,0,0,0,0,0,0,0,9.5,38.11,88,0,0,0,0,0,0,0,0
347,408,0,500,669,0.5,8,1.1612,0.3,15.58,0,0,0,0,0,0,0,129.92,0,0,0,0,0,0,0,0,0,2.029,0,0,0,0,0,0,0,0,0,2.526,0,0,0,0,0,0,0,0,0,8.9,46.83,92,0,0,0,0,0,0,0,0
348,408,0,170,669,0.59,5,0.7389,0.32,14.67,0,0,0,0,0,0,0,64.96,0,0,0,0,0,0,0,0,0,1.291,0,0,0,0,0,0,0,0,0,2.504,0,0,0,0,0,0,0,0,0,9.1,42.55,78,0,0,0,0,0,0,0,0
349,408,0,240,669,0.69,3.5,0.7972,0.28,13.76,0,0,0,0,0,0,0,19.49,0,0,0,0,0,0,0,0,0,1.393,0,0,0,0,0,0,0,0,0,2.483,0,0,0,0,0,0,0,0,0,9.9,48.51,117,0,0,0,0,0,0,0,0
350,408,0,30,669,0.59,5,0.8263,0.39,12.85,0,0,0,0,0,0,0,68.21,0,0,0,0,0,0,0,0,0,1.444,0,0,0,0,0,0,0,0,0,2.461,0,0,0,0,0,0,0,0,0,8.6,49.67,123,0,0,0,0,0,0,0,0
351,408,0,80,669,0.75,1,0.7462,0.06,11.94,0,0,0,0,0,0,0,55.22,0,0,0,0,0,0,0,0,0,1.304,0,0,0,0,0,0,0,0,0,2.44,0,0,0,0,0,0,0,0,0,9.7,47.72,115,0,0,0,0,0,0,0,0
352,408,0,8,669,0.74,3,0.9864,1.56,12.587,0,0,0,0,0,0,0,23.1,0,0,0,0,0,0,0,0,0,1.724,0,0,0,0,0,0,0,0,0,2.397,0,0,0,0,0,0,0,0,0,9.4,49.79,124,0,0,0,0,0,0,0,0
353,408,0,21,669,0.74,4,1.0447,1.53,13.234,0,0,0,0,0,0,0,48.72,0,0,0,0,0,0,0,0,0,1.825,0,0,0,0,0,0,0,0,0,2.354,0,0,0,0,0,0,0,0,0,8.9,42.22,100,0,0,0,0,0,0,0,0
354,408,0,80,669,0.66,2,1.1248,2.05,13.881,0,0,0,0,0,0,0,68.21,0,0,0,0,0,0,0,0,0,1.965,0,0,0,0,0,0,0,0,0,2.311,0,0,0,0,0,0,0,0,0,9,43.27,94,0,0,0,0,0,0,0,0
355,408,0,17,669,0.56,1,1.143,1.26,14.529,0,0,0,0,0,0,0,64.96,0,0,0,0,0,0,0,0,0,1.997,0,0,0,0,0,0,0,0,0,2.269,0,0,0,0,0,0,0,0,0,8.9,39.9,105,0,0,0,0,0,0,0,0
356,408,0,22,669,0.62,2,1.0702,0.14,15.176,0,0,0,0,0,0,0,38.98,0,0,0,0,0,0,0,0,0,1.87,0,0,0,0,0,0,0,0,0,2.226,0,0,0,0,0,0,0,0,0,9.4,40.68,100,0,0,0,0,0,0,0,0
357,408,0,27,669,0.85,2,1.0119,0.06,15.823,0,0,0,0,0,0,0,55.22,0,0,0,0,0,0,0,0,0,1.768,0,0,0,0,0,0,0,0,0,2.183,0,0,0,0,0,0,0,0,0,9.7,38.61,105,0,0,0,0,0,0,0,0
358,408,0,8,669,0.81,1.5,1.052,0.06,16.47,0,0,0,0,0,0,0,45.47,0,0,0,0,0,0,0,0,0,1.838,0,0,0,0,0,0,0,0,0,2.14,0,0,0,0,0,0,0,0,0,9.6,38.98,105,0,0,0,0,0,0,0,0
359,408,0,17,669,0.8,1,1.052,0.06,16.626,0,0,0,0,0,0,0,51.97,0,0,0,0,0,0,0,0,0,1.838,0,0,0,0,0,0,0,0,0,2.111,0,0,0,0,0,0,0,0,0,9.5,38.47,102,0,0,0,0,0,0,0,0
360,408,0,170,669,0.72,3,1.1575,0.26,16.781,0,0,0,0,0,0,0,58.46,0,0,0,0,0,0,0,0,0,2.022,0,0,0,0,0,0,0,0,0,2.083,0,0,0,0,0,0,0,0,0,9.6,44.1,107,0,0,0,0,0,0,0,0
361,408,0,300,669,0.61,2,1.2485,0.28,16.937,0,0,0,0,0,0,0,45.47,0,0,0,0,0,0,0,0,0,2.181,0,0,0,0,0,0,0,0,0,2.054,0,0,0,0,0,0,0,0,0,9.5,43.63,98,0,0,0,0,0,0,0,0
362,408,0,1600,669,0.6,3,1.0083,0.12,17.093,0,0,0,0,0,0,0,51.97,0,0,0,0,0,0,0,0,0,1.762,0,0,0,0,0,0,0,0,0,2.026,0,0,0,0,0,0,0,0,0,9,35.64,79,0,0,0,0,0,0,0,0
363,408,0,14,669,0.87,2,1.0046,0.05,17.249,0,0,0,0,0,0,0,32.48,0,0,0,0,0,0,0,0,0,1.755,0,0,0,0,0,0,0,0,0,1.997,0,0,0,0,0,0,0,0,0,9.1,43.06,109,0,0,0,0,0,0,0,0
364,408,0,14,669,0.99,0.1,1.0556,0.05,17.404,0,0,0,0,0,0,0,45.47,0,0,0,0,0,0,0,0,0,1.844,0,0,0,0,0,0,0,0,0,1.969,0,0,0,0,0,0,0,0,0,9.1,42.37,111,0,0,0,0,0,0,0,0
365,408,0,50,669,0.65,1,1.0774,0.06,17.56,0,0,0,0,0,0,0,48.72,0,0,0,0,0,0,0,0,0,1.883,0,0,0,0,0,0,0,0,0,1.94,0,0,0,0,0,0,0,0,0,8.4,43.62,110,0,0,0,0,0,0,0,0
366,408,0,50,669,0.65,1,1.0774,0.06,17.56,0,0,0,0,0,0,0,48.72,0,0,0,0,0,0,0,0,0,1.883,0,0,0,0,0,0,0,0,0,1.94,0,0,0,0,0,0,0,0,0,8.4,43.62,110,0,0,0,0,0,0,0,0
